timestamp,container_id,temperature,humidity,vibration
2026-07-15 21:50:57,C003,11.73,66.55,1.28
2026-07-15 21:50:59,C005,9.49,67.43,0.61
2026-07-15 21:51:01,C005,10.02,61.26,1.08
2026-07-15 21:51:03,C005,7.69,66.4,1.68
2026-07-15 21:51:05,C005,2.8,87.6,1.86
2026-07-15 21:51:07,C005,4.35,60.63,0.77
2026-07-15 21:51:09,C001,2.85,68.72,1.84
2026-07-15 21:51:11,C001,7.36,61.68,0.13
2026-07-15 21:51:13,C005,8.43,80.14,0.62
2026-07-15 21:51:15,C003,9.45,88.62,1.3
2026-07-15 21:51:17,C005,7.85,75.64,0.26
2026-07-15 21:51:19,C004,4.08,65.68,0.98
2026-07-15 21:51:21,C004,8.1,66.53,0.91
2026-07-15 21:51:23,C005,6.89,91.3,1.29
2026-07-15 21:51:25,C002,3.69,79.81,1.77
2026-07-15 21:51:27,C005,2.8,88.62,1.11
2026-07-15 21:51:29,C002,6.65,73.02,1.9
2026-07-15 21:51:31,C003,11.21,94.5,0.15
2026-07-15 21:51:33,C003,8.58,84.68,1.0
2026-07-15 21:51:35,C001,8.59,93.5,0.68
2026-07-15 21:51:37,C002,6.75,74.44,1.77
2026-07-15 21:51:39,C004,4.26,89.42,1.65
2026-07-15 21:51:41,C004,6.07,81.4,1.51
2026-07-15 21:51:43,C004,3.05,93.95,1.33
2026-07-15 21:51:45,C003,8.05,93.16,1.58
2026-07-15 21:51:47,C005,6.43,72.06,0.17
2026-07-15 21:51:49,C001,5.69,61.29,0.62
2026-07-15 21:51:51,C005,6.55,77.14,1.53
2026-07-15 21:51:53,C003,3.49,81.66,1.6
2026-07-15 21:51:55,C001,8.59,93.93,1.95
2026-07-15 21:51:57,C002,10.67,77.95,1.49
2026-07-15 21:51:59,C003,11.84,61.17,0.44
2026-07-15 21:52:01,C001,2.62,65.46,1.07
2026-07-15 21:52:03,C003,4.39,93.39,0.43
2026-07-15 21:52:05,C001,8.74,69.98,0.8
2026-07-15 21:52:07,C004,11.97,69.96,1.23
2026-07-15 21:52:09,C004,6.38,68.0,0.74
2026-07-15 21:52:11,C003,9.34,91.23,1.57
2026-07-15 21:52:13,C003,10.43,87.88,1.81
2026-07-15 21:52:15,C004,6.49,92.99,1.83
2026-07-15 21:52:17,C004,4.36,80.78,0.79
2026-07-15 21:52:19,C003,11.29,64.76,1.69
2026-07-15 21:52:21,C001,2.18,87.53,1.8
2026-07-15 21:52:23,C004,6.07,94.24,1.55
2026-07-15 21:52:25,C001,7.2,67.12,1.43
2026-07-15 21:52:27,C003,10.66,77.21,1.54
2026-07-15 21:52:29,C002,11.29,67.59,1.04
2026-07-15 21:52:31,C001,2.57,91.19,1.22
2026-07-15 21:52:33,C003,4.25,89.9,1.13
2026-07-15 21:52:35,C003,4.87,61.29,1.37
2026-07-15 21:52:37,C003,5.79,68.76,1.9
2026-07-15 21:52:39,C005,6.09,67.84,0.78
2026-07-15 21:52:41,C004,8.53,70.3,1.76
2026-07-15 21:52:43,C004,4.61,89.01,1.17
2026-07-15 21:52:45,C004,2.75,64.06,1.64
2026-07-15 21:52:47,C003,10.75,94.41,1.28
2026-07-15 21:52:49,C004,6.54,85.27,0.53
2026-07-15 21:52:51,C005,4.17,67.17,0.68
2026-07-15 21:52:53,C005,3.98,92.64,1.25
2026-07-15 21:52:55,C001,8.68,94.86,0.5
2026-07-15 21:52:57,C005,5.67,86.08,0.94
2026-07-15 21:52:59,C005,9.5,64.57,0.89
2026-07-15 21:53:01,C003,11.27,78.99,0.9
2026-07-15 21:53:03,C003,9.57,83.61,1.25
2026-07-15 21:53:05,C003,2.56,85.44,1.02
2026-07-15 21:53:07,C004,3.98,77.81,0.39
2026-07-15 21:53:09,C004,8.47,61.03,1.67
2026-07-15 21:53:11,C002,8.05,86.62,1.27
2026-07-15 21:53:13,C001,5.64,62.34,1.12
2026-07-15 21:53:15,C002,4.16,82.26,0.44
2026-07-15 21:53:17,C003,7.92,64.29,1.75
2026-07-15 21:53:19,C001,7.64,78.33,1.41
2026-07-15 21:53:21,C005,4.43,86.0,1.83
2026-07-15 21:53:23,C003,10.78,83.51,1.24
2026-07-15 21:53:25,C001,10.37,70.37,0.67
2026-07-15 21:53:27,C005,8.37,83.7,0.36
2026-07-15 21:53:29,C005,8.37,84.01,0.16
2026-07-15 21:53:31,C004,2.74,63.8,1.43
2026-07-15 21:53:33,C005,3.69,72.48,0.71
2026-07-15 21:53:35,C004,5.43,77.66,0.23
2026-07-15 21:53:37,C003,8.19,72.12,1.65
2026-07-15 21:53:39,C002,8.14,70.8,0.87
2026-07-15 21:53:41,C001,11.46,87.28,1.0
2026-07-15 21:53:43,C003,7.26,69.33,1.69
2026-07-15 21:53:45,C001,2.19,69.28,1.03
2026-07-15 21:53:47,C004,2.49,77.23,0.4
2026-07-15 21:53:49,C002,3.16,60.99,1.44
2026-07-15 21:53:51,C003,4.5,68.88,0.72
2026-07-15 21:53:53,C004,7.69,65.61,1.45
2026-07-15 21:53:55,C002,5.33,81.54,1.66
2026-07-15 21:53:57,C004,2.69,67.24,1.98
2026-07-15 21:53:59,C004,2.17,73.12,0.28
2026-07-15 21:54:01,C003,11.82,78.46,1.36
2026-07-15 21:54:03,C001,2.53,90.08,1.03
2026-07-15 21:54:05,C005,10.61,68.45,1.58
2026-07-15 21:54:07,C003,4.46,61.5,1.36
2026-07-15 21:54:09,C001,10.82,90.85,0.64
2026-07-15 21:54:11,C002,8.56,91.48,0.42
2026-07-15 21:54:13,C004,11.35,60.91,0.34
2026-07-15 21:54:15,C001,11.01,91.11,1.2
2026-07-15 21:54:17,C004,4.07,63.48,0.41
2026-07-15 21:54:19,C001,7.57,74.7,1.98
2026-07-15 21:54:21,C005,7.66,71.88,1.7
2026-07-15 21:54:23,C005,3.82,87.07,0.3
2026-07-15 21:54:25,C001,11.8,81.06,0.43
2026-07-15 21:54:27,C003,9.53,89.86,1.37
2026-07-15 21:54:29,C004,10.55,77.4,1.51
2026-07-15 21:54:31,C005,8.51,90.75,1.23
2026-07-15 21:54:33,C005,3.76,79.55,0.66
2026-07-15 21:54:35,C003,2.91,67.32,0.59
2026-07-15 21:54:37,C005,11.23,65.85,1.11
2026-07-15 21:54:39,C003,8.26,93.79,0.71
2026-07-15 21:54:41,C003,9.48,63.93,0.71
2026-07-15 21:54:43,C002,10.73,90.08,1.86
2026-07-15 21:54:45,C001,10.71,70.34,0.71
2026-07-15 21:54:47,C004,9.3,62.87,0.82
2026-07-15 21:54:49,C005,10.42,66.61,0.78
2026-07-15 21:54:51,C005,7.44,83.77,1.4
2026-07-15 21:54:53,C002,2.54,77.61,1.79
2026-07-15 21:54:55,C005,3.69,68.9,1.5
2026-07-15 21:54:57,C003,9.01,94.21,1.23
2026-07-15 21:54:59,C004,8.99,92.62,0.93
2026-07-15 21:55:01,C004,8.11,74.88,0.96
2026-07-15 21:55:03,C005,3.2,63.65,0.91
2026-07-15 21:55:05,C002,3.58,70.51,0.3
2026-07-15 21:55:07,C001,6.48,70.05,1.28
2026-07-15 21:55:09,C001,7.27,91.9,1.03
2026-07-15 21:55:11,C001,6.03,93.82,1.07
2026-07-15 21:55:13,C005,9.47,91.58,0.62
2026-07-15 21:55:15,C004,8.61,78.74,0.5
2026-07-15 21:55:17,C003,4.35,66.08,0.92
2026-07-15 21:55:19,C005,4.35,73.31,1.53
2026-07-15 21:55:21,C001,11.67,91.0,1.64
2026-07-15 21:55:23,C002,3.98,92.6,1.9
2026-07-15 21:55:25,C003,9.29,83.84,0.1
2026-07-15 21:55:27,C002,3.26,62.02,1.2
2026-07-15 21:55:29,C004,8.39,61.46,1.77
2026-07-15 21:55:31,C001,5.94,85.58,1.57
2026-07-15 21:55:33,C005,6.55,61.58,1.57
2026-07-15 21:55:35,C003,8.31,63.53,0.55
2026-07-15 21:55:37,C003,8.4,87.89,1.79
2026-07-15 21:55:39,C005,4.3,88.89,0.29
2026-07-15 21:55:41,C001,5.41,63.1,1.79
2026-07-15 21:55:43,C005,9.25,63.73,1.15
2026-07-15 21:55:45,C002,6.21,69.97,0.2
2026-07-15 21:55:47,C001,7.98,69.18,1.29
2026-07-15 21:55:49,C005,11.68,88.33,1.25
2026-07-15 21:55:51,C001,11.35,73.83,1.44
2026-07-15 21:55:53,C004,9.86,77.72,0.15
2026-07-15 21:55:55,C002,6.68,60.82,1.91
2026-07-15 21:55:57,C002,2.96,85.32,1.59
2026-07-15 21:55:59,C004,2.54,88.18,1.59
2026-07-15 21:56:01,C004,2.22,92.17,1.96
2026-07-15 21:56:03,C003,6.02,75.13,1.3
2026-07-15 21:56:05,C003,6.6,68.98,0.62
2026-07-15 21:56:07,C002,11.58,69.76,0.53
2026-07-15 21:56:09,C004,7.38,82.39,0.6
2026-07-15 21:56:11,C002,7.63,77.49,0.93
2026-07-15 21:56:13,C002,4.92,75.62,1.02
2026-07-15 21:56:15,C004,6.68,71.67,0.83
2026-07-15 21:56:17,C002,2.79,64.66,1.65
2026-07-15 21:56:19,C004,9.31,64.68,0.69
2026-07-15 21:56:21,C003,9.1,67.21,0.4
2026-07-15 21:56:23,C001,6.69,83.72,1.49
2026-07-15 21:56:25,C002,8.88,92.51,1.12
2026-07-15 21:56:27,C005,7.13,92.35,0.15
2026-07-15 21:56:29,C005,5.53,80.3,1.15
2026-07-15 21:56:31,C005,9.57,85.36,0.24
2026-07-15 21:56:33,C004,11.77,82.38,0.29
2026-07-15 21:56:35,C005,9.1,83.13,0.32
2026-07-15 21:56:37,C005,10.25,85.71,0.88
2026-07-15 21:56:39,C004,11.53,88.7,0.47
2026-07-15 21:56:41,C001,11.32,94.65,0.35
2026-07-15 21:56:43,C002,3.65,73.78,1.63
2026-07-15 21:56:45,C005,9.26,60.04,1.8
2026-07-15 21:56:47,C003,2.79,94.83,1.83
2026-07-15 21:56:49,C002,11.14,73.61,0.36
2026-07-15 21:56:51,C003,5.74,74.46,0.18
2026-07-15 21:56:53,C003,2.3,82.49,0.84
2026-07-15 21:56:55,C005,11.65,64.1,0.44
2026-07-15 21:56:57,C002,9.8,92.71,0.89
2026-07-15 21:56:59,C004,2.19,70.86,0.96
2026-07-15 21:57:01,C002,3.72,72.43,1.45
2026-07-15 21:57:03,C003,10.54,63.21,1.31
2026-07-15 21:57:05,C005,6.43,79.78,0.5
2026-07-15 21:57:07,C002,7.65,70.4,1.95
2026-07-15 21:57:09,C001,3.68,72.05,1.22
2026-07-15 21:57:11,C004,8.58,71.84,0.17
2026-07-15 21:57:13,C005,6.59,78.59,1.74
2026-07-15 21:57:15,C001,9.21,88.06,0.68
2026-07-15 21:57:17,C005,9.6,68.76,0.89
2026-07-15 21:57:19,C001,11.73,84.35,1.93
2026-07-15 21:57:21,C002,5.08,71.06,0.58
2026-07-15 21:57:23,C003,8.43,60.48,0.22
2026-07-15 21:57:25,C003,10.72,77.67,1.94
2026-07-15 21:57:27,C003,9.01,93.45,1.1
2026-07-15 21:57:29,C005,7.48,63.13,1.14
2026-07-15 21:57:31,C004,7.01,62.46,0.28
2026-07-15 21:57:33,C003,9.13,69.19,1.03
2026-07-15 21:57:35,C005,2.09,80.99,0.38
2026-07-15 21:57:37,C001,2.87,87.41,1.71
2026-07-15 21:57:39,C002,11.47,79.63,0.35
2026-07-15 21:57:41,C001,5.3,71.65,1.29
2026-07-15 21:57:43,C002,4.39,86.66,1.32
2026-07-15 21:57:45,C002,8.88,61.97,0.72
2026-07-15 21:57:47,C002,7.68,65.05,1.21
2026-07-15 21:57:49,C005,4.94,67.41,0.41
2026-07-15 21:57:51,C003,4.18,81.51,1.13
2026-07-15 21:57:53,C002,11.01,90.61,1.0
2026-07-15 21:57:55,C004,11.28,75.8,0.85
2026-07-15 21:57:57,C001,8.38,70.02,1.39
2026-07-15 21:57:59,C004,4.66,74.75,0.97
2026-07-15 21:58:01,C005,7.77,93.75,1.73
2026-07-15 21:58:03,C001,4.65,62.84,0.59
2026-07-15 21:58:05,C005,8.11,60.33,0.64
2026-07-15 21:58:07,C004,2.82,64.37,1.53
2026-07-15 21:58:09,C002,8.23,90.16,1.62
2026-07-15 21:58:11,C002,4.85,83.63,1.17
2026-07-15 21:58:13,C002,5.72,77.35,1.38
2026-07-15 21:58:15,C004,7.9,79.87,1.99
2026-07-15 21:58:17,C003,2.26,79.96,0.92
2026-07-15 21:58:19,C003,11.76,74.18,0.97
2026-07-15 21:58:21,C004,2.89,70.31,1.66
2026-07-15 21:58:23,C005,9.06,65.85,0.64
2026-07-15 21:58:25,C002,2.19,68.15,1.82
2026-07-15 21:58:27,C002,6.51,66.95,0.18
2026-07-15 21:58:29,C002,9.97,88.03,0.82
2026-07-15 21:58:31,C002,5.54,65.63,1.32
2026-07-15 21:58:33,C001,3.06,93.05,1.77
2026-07-15 21:58:35,C001,2.21,85.52,0.43
2026-07-15 21:58:37,C001,7.01,90.01,0.43
2026-07-15 21:58:39,C005,7.32,73.4,1.78
2026-07-15 21:58:41,C001,9.42,94.68,1.3
2026-07-15 21:58:43,C003,5.26,82.97,0.62
2026-07-15 21:58:45,C005,4.67,77.23,0.16
2026-07-15 21:58:47,C003,3.25,84.82,0.31
2026-07-15 21:58:49,C005,5.59,70.69,0.83
2026-07-15 21:58:51,C002,8.24,93.05,0.91
2026-07-15 21:58:53,C004,8.15,78.64,1.17
2026-07-15 21:58:55,C002,7.41,77.36,1.86
2026-07-15 21:58:57,C002,3.23,68.05,0.15
2026-07-15 21:58:59,C002,4.8,91.28,1.0
2026-07-15 21:59:01,C003,6.32,70.45,1.05
2026-07-15 21:59:03,C005,7.36,91.68,0.29
2026-07-15 21:59:05,C001,6.26,63.94,1.89
2026-07-15 21:59:07,C001,7.91,85.24,0.31
2026-07-15 21:59:09,C002,5.74,93.39,0.11
2026-07-15 21:59:11,C004,11.58,94.0,1.42
2026-07-15 21:59:13,C005,7.56,79.99,1.61
2026-07-15 21:59:15,C004,10.94,84.31,0.25
2026-07-15 21:59:17,C003,5.39,94.54,0.82
2026-07-15 21:59:19,C002,3.3,86.01,1.21
2026-07-15 21:59:21,C003,11.09,93.77,0.44
2026-07-15 21:59:23,C003,5.67,90.9,0.43
2026-07-15 21:59:25,C005,5.05,83.59,0.38
2026-07-15 21:59:27,C002,11.93,85.34,0.73
2026-07-15 21:59:29,C005,10.28,70.65,1.03
2026-07-15 21:59:31,C001,4.9,84.88,1.77
2026-07-15 21:59:33,C004,6.49,76.53,1.11
2026-07-15 21:59:35,C001,4.37,80.36,0.41
2026-07-15 21:59:37,C002,11.46,69.0,1.64
2026-07-15 21:59:39,C002,3.84,83.85,0.53
2026-07-15 21:59:41,C004,2.08,85.23,1.05
2026-07-15 21:59:43,C002,9.74,80.95,1.15
2026-07-15 21:59:45,C004,4.54,67.87,0.55
2026-07-15 21:59:47,C003,2.44,80.07,1.74
2026-07-15 21:59:49,C001,6.85,64.41,1.72
2026-07-15 21:59:51,C002,9.59,83.55,1.39
2026-07-15 21:59:53,C002,11.42,91.09,0.94
2026-07-15 21:59:55,C005,9.03,81.6,1.01
2026-07-15 21:59:57,C004,7.53,82.94,0.28
2026-07-15 21:59:59,C003,4.55,77.75,1.88
2026-07-15 22:00:01,C004,6.58,64.52,0.59
2026-07-15 22:00:03,C002,2.83,68.47,0.68
2026-07-15 22:00:05,C005,10.84,69.45,1.5
2026-07-15 22:00:07,C003,8.17,64.71,0.29
2026-07-15 22:00:09,C003,11.31,76.3,0.1
2026-07-15 22:00:11,C002,9.33,67.57,1.6
2026-07-15 22:00:13,C004,2.82,87.14,1.37
2026-07-15 22:00:15,C004,2.82,93.85,1.46
2026-07-15 22:00:17,C005,6.99,70.59,0.18
2026-07-15 22:00:19,C001,9.76,78.99,0.55
2026-07-15 22:00:21,C002,9.36,70.24,1.95
2026-07-15 22:00:23,C005,8.07,93.52,0.47
2026-07-15 22:00:25,C002,2.68,79.38,0.31
2026-07-15 22:00:27,C002,6.69,64.18,1.61
2026-07-15 22:00:29,C002,5.68,83.85,1.16
2026-07-15 22:00:31,C002,9.04,76.39,0.25
2026-07-15 22:00:33,C001,8.26,81.19,1.05
2026-07-15 22:00:35,C001,9.06,70.41,0.5
2026-07-15 22:00:37,C004,5.89,75.83,0.16
2026-07-15 22:00:39,C003,6.94,87.31,0.42
2026-07-15 22:00:41,C005,5.37,83.18,1.66
2026-07-15 22:00:43,C001,3.89,64.88,1.05
2026-07-15 22:00:45,C003,4.99,79.02,1.46
2026-07-15 22:00:47,C001,3.23,83.35,1.56
2026-07-15 22:00:49,C005,9.32,86.01,1.64
2026-07-15 22:00:51,C005,6.8,78.13,0.94
2026-07-15 22:00:53,C001,2.39,78.03,1.89
2026-07-15 22:00:55,C001,8.62,84.81,0.94
2026-07-15 22:00:57,C004,7.47,63.56,1.04
2026-07-15 22:00:59,C001,2.43,87.26,1.54
2026-07-15 22:01:01,C005,11.03,72.74,0.37
2026-07-15 22:01:03,C005,5.47,84.8,1.21
2026-07-15 22:01:05,C001,10.87,88.07,0.44
2026-07-15 22:01:07,C002,11.03,71.7,1.14
2026-07-15 22:01:09,C001,6.81,86.83,1.37
2026-07-15 22:01:11,C003,5.71,72.74,1.82
2026-07-15 22:01:13,C004,7.11,94.6,0.76
2026-07-15 22:01:15,C001,2.9,63.13,0.4
2026-07-15 22:01:17,C002,6.94,88.64,1.98
2026-07-15 22:01:19,C002,7.69,87.27,0.18
2026-07-15 22:01:21,C004,5.13,60.92,1.2
2026-07-15 22:01:23,C001,2.69,63.67,0.77
2026-07-15 22:01:25,C004,10.59,80.84,0.87
2026-07-15 22:01:27,C002,9.8,88.62,1.36
2026-07-15 22:01:29,C004,11.04,85.35,0.48
2026-07-15 22:01:31,C001,11.84,61.05,1.36
2026-07-15 22:01:33,C001,11.54,68.73,0.5
2026-07-15 22:01:35,C001,7.77,65.15,1.54
2026-07-15 22:01:37,C005,9.43,89.94,1.45
2026-07-15 22:01:39,C003,9.29,64.76,0.43
2026-07-15 22:01:41,C002,11.72,76.31,0.99
2026-07-15 22:01:43,C002,8.66,91.54,0.6
2026-07-15 22:01:45,C004,9.15,84.7,1.79
2026-07-15 22:01:47,C001,8.93,80.09,1.94
2026-07-15 22:01:49,C004,5.61,62.72,0.96
2026-07-15 22:01:51,C001,4.73,88.7,1.15
2026-07-15 22:01:53,C005,8.35,92.94,0.85
2026-07-15 22:01:55,C005,11.08,78.81,1.06
2026-07-15 22:01:57,C004,8.96,64.45,1.28
2026-07-15 22:01:59,C004,9.75,62.63,1.17
2026-07-15 22:02:01,C005,9.45,78.38,1.32
2026-07-15 22:02:03,C005,5.22,80.75,0.27
2026-07-15 22:02:05,C003,3.82,92.89,0.83
2026-07-15 22:02:07,C005,4.72,63.68,0.53
2026-07-15 22:02:09,C001,10.91,64.48,1.86
2026-07-15 22:02:11,C005,6.78,66.37,1.4
2026-07-15 22:02:13,C001,9.35,77.79,1.9
2026-07-15 22:02:15,C003,5.9,91.3,1.13
2026-07-15 22:02:17,C004,4.92,70.31,1.35
2026-07-15 22:02:19,C005,5.57,67.45,1.29
2026-07-15 22:02:21,C001,4.2,85.02,1.17
2026-07-15 22:02:23,C004,8.76,68.98,0.49
2026-07-15 22:02:25,C003,2.72,86.33,1.03
2026-07-15 22:02:27,C003,9.32,62.29,1.73
2026-07-15 22:02:29,C005,3.45,66.85,1.72
2026-07-15 22:02:31,C004,9.45,75.84,0.62
2026-07-15 22:02:33,C003,11.31,76.63,0.4
2026-07-15 22:02:35,C004,9.47,90.03,0.46
2026-07-15 22:02:37,C005,4.6,84.76,1.36
2026-07-15 22:02:39,C005,9.58,63.45,0.28
2026-07-15 22:02:41,C002,11.33,69.76,0.81
2026-07-15 22:02:43,C001,10.83,72.81,0.76
2026-07-15 22:02:45,C004,10.16,75.05,0.74
2026-07-15 22:02:47,C002,2.94,68.56,1.85
2026-07-15 22:02:49,C001,5.78,64.89,0.69
2026-07-15 22:02:51,C005,11.86,90.83,0.6
2026-07-15 22:02:53,C005,10.65,73.06,1.81
2026-07-15 22:02:55,C001,3.52,60.07,1.9
2026-07-15 22:02:57,C005,3.13,78.76,0.77
2026-07-15 22:02:59,C005,9.07,62.59,0.94
2026-07-15 22:03:01,C002,4.89,69.95,0.49
2026-07-15 22:03:03,C004,5.98,64.42,1.77
2026-07-15 22:03:05,C001,11.69,73.28,1.43
2026-07-15 22:03:07,C001,3.38,75.45,0.38
2026-07-15 22:03:09,C004,4.19,85.08,1.96
2026-07-15 22:03:11,C003,2.51,61.37,1.54
2026-07-15 22:03:13,C002,9.39,64.3,0.94
2026-07-15 22:03:15,C005,9.35,63.68,0.57
2026-07-15 22:03:17,C002,10.25,93.29,1.03
2026-07-15 22:03:19,C003,10.38,74.83,1.58
2026-07-15 22:03:21,C003,4.7,78.09,1.74
2026-07-15 22:03:23,C002,5.53,62.94,1.92
2026-07-15 22:03:25,C005,3.19,93.49,0.13
2026-07-15 22:03:27,C003,7.94,80.47,1.39
2026-07-15 22:03:29,C002,2.54,64.1,1.75
2026-07-15 22:03:31,C005,5.95,80.37,0.65
2026-07-15 22:03:33,C005,7.25,71.44,1.33
2026-07-15 22:03:35,C003,11.09,94.13,1.6
2026-07-15 22:03:37,C001,9.2,77.71,1.34
2026-07-15 22:03:39,C001,7.17,79.0,1.18
2026-07-15 22:03:41,C002,2.91,82.09,1.32
2026-07-15 22:03:43,C001,7.59,69.77,1.83
2026-07-15 22:03:45,C001,10.99,78.45,1.22
2026-07-15 22:03:47,C003,2.44,62.69,1.98
2026-07-15 22:03:49,C004,4.72,93.37,0.2
2026-07-15 22:03:51,C001,3.13,64.13,0.89
2026-07-15 22:03:53,C002,7.97,81.09,1.43
2026-07-15 22:03:55,C005,7.8,68.44,1.16
2026-07-15 22:03:57,C003,11.02,75.22,0.76
2026-07-15 22:03:59,C003,4.65,90.81,0.26
2026-07-15 22:04:01,C004,7.28,89.91,0.53
2026-07-15 22:04:03,C004,2.64,88.58,0.92
2026-07-15 22:04:05,C004,4.58,85.47,0.26
2026-07-15 22:04:07,C005,11.31,90.65,0.31
2026-07-15 22:04:09,C003,3.2,69.67,1.25
2026-07-15 22:04:11,C002,8.13,65.62,0.22
2026-07-15 22:04:13,C005,8.0,71.92,1.66
2026-07-15 22:04:15,C004,7.92,94.12,1.42
2026-07-15 22:04:17,C004,4.31,94.91,1.25
2026-07-15 22:04:19,C002,4.0,74.1,0.83
2026-07-15 22:04:21,C004,2.03,77.82,0.72
2026-07-15 22:04:23,C003,3.92,75.83,0.12
2026-07-15 22:04:25,C004,6.16,66.97,1.36
2026-07-15 22:04:27,C002,2.19,81.56,0.41
2026-07-15 22:04:29,C004,11.83,80.18,0.39
2026-07-15 22:04:31,C002,4.23,91.78,0.15
2026-07-15 22:04:33,C005,8.14,65.26,1.86
2026-07-15 22:04:35,C003,2.57,65.62,1.57
2026-07-15 22:04:37,C001,10.45,87.64,0.65
2026-07-15 22:04:39,C002,11.73,60.37,1.6
2026-07-15 22:04:41,C005,3.3,74.31,1.52
2026-07-15 22:04:43,C003,4.89,91.91,0.99
2026-07-15 22:04:45,C002,9.4,71.06,1.27
2026-07-15 22:04:47,C005,3.65,74.38,1.07
2026-07-15 22:04:49,C001,7.09,85.72,1.05
2026-07-15 22:04:51,C004,3.24,67.71,0.22
2026-07-15 22:04:53,C003,5.84,85.87,1.51
2026-07-15 22:04:55,C001,5.14,91.86,0.28
2026-07-15 22:04:57,C001,11.69,76.72,1.73
2026-07-15 22:04:59,C003,2.72,80.07,1.19
2026-07-15 22:05:01,C004,6.66,92.79,1.43
2026-07-15 22:05:03,C005,2.06,66.71,1.1
2026-07-15 22:05:05,C004,6.82,75.64,0.74
2026-07-15 22:05:07,C005,4.32,88.84,0.73
2026-07-15 22:05:09,C001,11.44,63.4,1.8
2026-07-15 22:05:11,C002,7.36,61.66,1.7
2026-07-15 22:05:13,C004,5.71,70.23,0.32
2026-07-15 22:05:15,C004,2.12,69.19,0.99
2026-07-15 22:05:17,C004,10.0,79.18,0.75
2026-07-15 22:05:19,C001,4.7,87.23,1.0
2026-07-15 22:05:21,C004,7.14,88.83,0.54
2026-07-15 22:05:23,C005,3.27,71.64,1.81
2026-07-15 22:05:25,C004,7.77,81.82,0.74
2026-07-15 22:05:27,C001,4.47,93.17,1.13
2026-07-15 22:05:29,C002,2.05,86.69,1.35
2026-07-15 22:05:31,C005,3.73,76.75,2.0
2026-07-15 22:05:33,C004,10.57,86.72,0.86
2026-07-15 22:05:35,C004,2.21,85.93,0.56
2026-07-15 22:05:37,C003,4.71,88.15,0.93
2026-07-15 22:05:39,C003,3.37,82.67,1.38
2026-07-15 22:05:41,C005,3.69,75.18,1.05
2026-07-15 22:05:43,C003,3.93,83.66,0.55
2026-07-15 22:05:45,C001,8.01,68.24,0.23
2026-07-15 22:05:47,C004,4.71,62.54,0.55
2026-07-15 22:05:49,C001,7.05,89.21,1.69
2026-07-15 22:05:51,C002,3.75,82.2,1.16
2026-07-15 22:05:53,C001,11.5,72.97,0.19
2026-07-15 22:05:55,C002,5.98,70.48,1.87
2026-07-15 22:05:57,C003,8.92,62.29,0.49
2026-07-15 22:05:59,C005,8.85,89.62,0.68
2026-07-15 22:06:01,C005,7.5,81.94,1.61
2026-07-15 22:06:03,C005,2.34,69.28,0.93
2026-07-15 22:06:05,C004,5.44,72.05,0.9
2026-07-15 22:06:07,C003,9.52,79.46,0.71
2026-07-15 22:06:09,C002,2.52,71.77,0.21
2026-07-15 22:06:11,C004,7.91,84.12,0.57
2026-07-15 22:06:13,C001,6.24,93.46,1.18
2026-07-15 22:06:15,C002,7.77,94.35,0.39
2026-07-15 22:06:17,C005,5.14,87.76,1.51
2026-07-15 22:06:19,C001,8.66,83.6,1.02
2026-07-15 22:06:21,C004,7.28,66.34,1.89
2026-07-15 22:06:23,C003,8.2,86.65,1.02
2026-07-15 22:06:25,C005,7.54,89.2,0.83
2026-07-15 22:06:27,C004,9.67,72.56,1.96
2026-07-15 22:06:29,C004,9.87,84.04,0.25
2026-07-15 22:06:31,C001,7.39,93.17,1.2
2026-07-15 22:06:33,C001,6.38,70.49,0.8
2026-07-15 22:06:35,C005,11.29,80.99,1.26
2026-07-15 22:06:37,C005,5.46,94.4,1.84
2026-07-15 22:06:39,C002,8.09,64.77,0.98
2026-07-15 22:06:41,C005,5.86,68.64,1.87
2026-07-15 22:06:43,C002,11.33,63.05,1.27
2026-07-15 22:06:45,C002,11.03,80.47,1.79
2026-07-15 22:06:47,C004,7.39,67.94,1.01
2026-07-15 22:06:49,C005,5.15,86.13,1.12
2026-07-15 22:06:51,C002,4.75,68.14,0.12
2026-07-15 22:06:53,C002,3.98,78.12,0.73
2026-07-15 22:06:55,C001,8.78,78.67,0.89
2026-07-15 22:06:57,C004,3.29,87.47,1.72
2026-07-15 22:06:59,C002,3.77,89.78,1.09
2026-07-15 22:07:01,C001,2.71,77.74,0.99
2026-07-15 22:07:03,C005,5.99,86.93,1.94
2026-07-15 22:07:05,C003,11.65,90.08,0.78
2026-07-15 22:07:07,C005,3.77,88.58,0.38
2026-07-15 22:07:09,C001,6.05,92.73,0.13
2026-07-15 22:07:11,C002,8.05,60.05,1.14
2026-07-15 22:07:13,C002,5.42,69.38,0.47
2026-07-15 22:07:15,C001,11.63,77.86,0.31
2026-07-15 22:07:17,C003,5.96,61.39,0.99
2026-07-15 22:07:19,C005,4.55,87.99,0.56
2026-07-15 22:07:21,C004,11.46,80.74,1.14
2026-07-15 22:07:23,C002,10.98,93.71,0.73
2026-07-15 22:07:25,C002,7.23,70.38,0.27
2026-07-15 22:07:27,C004,8.9,88.36,1.42
2026-07-15 22:07:29,C001,4.56,68.57,0.39
2026-07-15 22:07:31,C005,8.29,62.37,1.13
2026-07-15 22:07:33,C005,4.29,67.56,1.67
2026-07-15 22:07:35,C004,6.95,94.87,0.2
2026-07-15 22:07:37,C003,4.79,62.65,0.44
2026-07-15 22:07:39,C001,5.28,84.73,0.53
2026-07-15 22:07:41,C003,4.59,89.98,1.32
2026-07-15 22:07:43,C003,9.8,73.93,1.96
2026-07-15 22:07:45,C002,3.0,74.6,1.88
2026-07-15 22:07:47,C003,11.36,61.2,1.92
2026-07-15 22:07:49,C003,3.5,76.06,1.68
2026-07-15 22:07:51,C003,8.26,88.59,0.28
2026-07-15 22:07:53,C001,2.44,68.51,1.07
2026-07-15 22:07:55,C005,8.35,65.8,0.97
2026-07-15 22:07:57,C003,7.93,94.27,0.26
2026-07-15 22:07:59,C003,3.82,93.33,0.69
2026-07-15 22:08:01,C005,4.11,71.76,1.17
2026-07-15 22:08:03,C003,7.55,88.27,0.42
2026-07-15 22:08:05,C005,8.89,89.88,1.52
2026-07-15 22:08:07,C004,9.12,62.0,1.0
2026-07-15 22:08:09,C005,7.24,84.45,0.9
2026-07-15 22:08:11,C001,7.91,87.53,0.1
2026-07-15 22:08:13,C001,5.15,86.47,1.6
2026-07-15 22:08:15,C002,7.62,75.05,1.35
2026-07-15 22:08:17,C001,2.75,68.84,1.96
2026-07-15 22:08:19,C001,10.47,65.45,1.08
2026-07-15 22:08:21,C001,11.88,62.14,0.91
2026-07-15 22:08:23,C002,11.15,66.08,1.76
2026-07-15 22:08:25,C004,8.2,73.62,0.46
2026-07-15 22:08:27,C005,3.03,84.27,0.58
2026-07-15 22:08:29,C003,7.46,79.63,1.37
2026-07-15 22:08:31,C001,7.55,92.4,1.85
2026-07-15 22:08:33,C004,4.97,84.41,1.42
2026-07-15 22:08:35,C004,6.07,90.32,0.51
2026-07-15 22:08:37,C002,5.4,85.39,1.52
2026-07-15 22:08:39,C002,10.03,87.81,0.33
2026-07-15 22:08:41,C002,4.55,64.27,0.19
2026-07-15 22:08:43,C002,4.05,84.16,1.99
2026-07-15 22:08:45,C003,4.51,60.66,1.62
2026-07-15 22:08:47,C005,11.99,82.79,0.19
2026-07-15 22:08:49,C002,11.76,67.89,1.61
2026-07-15 22:08:51,C004,3.35,64.19,1.26
2026-07-15 22:08:53,C005,5.94,75.61,0.16
2026-07-15 22:08:55,C005,8.16,86.24,1.75
2026-07-15 22:08:57,C001,11.23,88.89,1.14
2026-07-15 22:08:59,C005,11.0,77.37,0.75
2026-07-15 22:09:01,C003,5.85,75.41,0.19
2026-07-15 22:09:03,C005,7.77,93.03,0.83
2026-07-15 22:09:05,C001,10.94,73.06,1.9
2026-07-15 22:09:07,C002,7.69,65.04,1.15
2026-07-15 22:09:09,C003,9.6,94.33,1.99
2026-07-15 22:09:11,C001,5.23,78.94,1.68
2026-07-15 22:09:13,C004,2.49,63.93,0.13
2026-07-15 22:09:15,C002,5.27,93.61,0.92
2026-07-15 22:09:17,C004,5.45,71.93,0.51
2026-07-15 22:09:19,C005,11.69,92.74,1.86
2026-07-15 22:09:21,C005,11.34,69.65,1.59
2026-07-15 22:09:23,C004,7.22,94.3,0.27
2026-07-15 22:09:25,C005,2.02,69.89,1.66
2026-07-15 22:09:27,C001,11.32,83.34,0.9
2026-07-15 22:09:29,C005,8.86,94.6,0.22
2026-07-15 22:09:31,C001,5.71,86.43,1.79
2026-07-15 22:09:33,C005,10.97,84.58,1.24
2026-07-15 22:09:35,C004,9.04,92.59,0.33
2026-07-15 22:09:37,C004,4.32,65.35,0.23
2026-07-15 22:09:39,C005,8.16,60.8,0.44
2026-07-15 22:09:41,C002,7.81,67.96,1.61
2026-07-15 22:09:43,C002,8.83,90.14,0.72
2026-07-15 22:09:45,C002,7.36,81.92,1.63
2026-07-15 22:09:47,C005,4.99,61.8,0.77
2026-07-15 22:09:49,C003,7.06,71.86,1.15
2026-07-15 22:09:51,C003,9.14,78.07,0.89
2026-07-15 22:09:53,C003,2.2,85.39,1.75
2026-07-15 22:09:55,C005,2.86,95.0,0.58
2026-07-15 22:09:57,C001,7.8,68.66,1.22
2026-07-15 22:09:59,C001,3.22,85.97,0.16
2026-07-15 22:10:01,C002,9.18,80.37,0.67
2026-07-15 22:10:03,C005,11.66,69.98,1.79
2026-07-15 22:10:05,C004,4.6,79.94,0.51
2026-07-15 22:10:07,C001,3.82,71.65,0.15
2026-07-15 22:10:09,C003,2.34,61.32,0.87
2026-07-15 22:10:11,C005,6.71,90.51,0.26
2026-07-15 22:10:13,C002,11.36,89.59,0.96
2026-07-15 22:10:15,C003,7.49,71.83,1.42
2026-07-15 22:10:17,C004,5.06,61.63,1.01
2026-07-15 22:10:19,C003,9.05,77.43,0.6
2026-07-15 22:10:21,C002,3.55,90.29,0.53
2026-07-15 22:10:23,C003,6.97,65.05,0.86
2026-07-15 22:10:25,C004,10.47,71.67,1.84
2026-07-15 22:10:27,C004,11.98,61.44,1.97
2026-07-15 22:10:29,C005,3.92,76.67,1.17
2026-07-15 22:10:31,C001,11.75,61.06,0.17
2026-07-15 22:10:33,C002,10.46,68.53,0.37
2026-07-15 22:10:35,C002,7.4,82.37,0.16
2026-07-15 22:10:37,C001,9.09,90.79,0.35
2026-07-15 22:10:39,C001,9.7,68.75,0.46
2026-07-15 22:10:41,C005,7.48,80.43,0.1
2026-07-15 22:10:43,C002,8.51,62.46,1.94
2026-07-15 22:10:45,C005,2.99,67.31,0.92
2026-07-15 22:10:47,C002,7.74,82.54,1.88
2026-07-15 22:10:49,C005,5.61,90.56,1.64
2026-07-15 22:10:51,C005,6.24,66.68,1.47
2026-07-15 22:10:53,C003,4.22,62.54,0.14
2026-07-15 22:10:55,C002,11.11,69.66,0.9
2026-07-15 22:10:57,C004,10.97,66.15,1.26
2026-07-15 22:10:59,C005,3.53,75.2,1.82
2026-07-15 22:11:01,C003,4.09,64.88,1.03
2026-07-15 22:11:03,C004,2.38,85.71,1.21
2026-07-15 22:11:05,C002,8.36,64.07,1.26
2026-07-15 22:11:07,C005,9.71,64.7,0.56
2026-07-15 22:11:09,C002,5.33,64.18,0.48
2026-07-15 22:11:11,C004,5.08,84.33,0.68
2026-07-15 22:11:13,C003,8.71,83.47,0.84
2026-07-15 22:11:15,C004,4.2,73.41,1.14
2026-07-15 22:11:17,C004,10.54,93.05,0.81
2026-07-15 22:11:19,C004,3.78,64.32,1.48
2026-07-15 22:11:21,C001,5.67,82.79,0.72
2026-07-15 22:11:23,C002,10.9,77.35,1.97
2026-07-15 22:11:25,C001,3.33,85.29,1.8
2026-07-15 22:11:27,C001,2.13,92.1,1.51
2026-07-15 22:11:29,C001,9.1,86.02,0.19
2026-07-15 22:11:31,C003,8.63,92.19,1.0
2026-07-15 22:11:33,C004,10.51,77.68,1.78
2026-07-15 22:11:35,C001,9.83,94.41,1.6
2026-07-15 22:11:37,C005,3.77,88.73,0.97
2026-07-15 22:11:39,C005,7.23,67.01,0.9
2026-07-15 22:11:41,C001,7.58,86.49,1.68
2026-07-15 22:11:43,C005,8.76,94.81,0.53
2026-07-15 22:11:45,C004,4.3,79.16,0.77
2026-07-15 22:11:47,C004,10.61,86.34,0.15
2026-07-15 22:11:49,C002,10.96,71.62,0.34
2026-07-15 22:11:51,C004,4.51,89.71,0.87
2026-07-15 22:11:53,C002,2.98,67.29,0.38
2026-07-15 22:11:55,C004,9.43,77.04,1.59
2026-07-15 22:11:57,C005,9.65,73.35,1.03
2026-07-15 22:11:59,C003,2.49,81.35,1.0
2026-07-15 22:12:01,C003,7.66,92.33,0.94
2026-07-15 22:12:03,C004,11.9,85.85,0.11
2026-07-15 22:12:05,C005,10.28,66.56,0.23
2026-07-15 22:12:07,C004,7.25,66.49,0.39
2026-07-15 22:12:09,C001,3.38,90.65,1.46
2026-07-15 22:12:11,C005,3.91,79.93,1.77
2026-07-15 22:12:13,C004,10.48,63.66,1.25
2026-07-15 22:12:15,C003,2.35,89.25,1.0
2026-07-15 22:12:17,C001,7.73,76.38,0.97
2026-07-15 22:12:19,C002,4.12,91.96,0.26
2026-07-15 22:12:21,C002,10.8,80.63,0.78
2026-07-15 22:12:23,C003,5.52,91.47,0.39
2026-07-15 22:12:25,C005,2.11,94.44,0.29
2026-07-15 22:12:27,C004,5.78,80.62,1.94
2026-07-15 22:12:29,C001,5.87,79.79,1.69
2026-07-15 22:12:31,C002,2.51,65.93,1.89
2026-07-15 22:12:33,C005,6.68,76.97,0.53
2026-07-15 22:12:35,C002,9.63,74.63,0.93
2026-07-15 22:12:37,C001,8.76,63.26,1.45
2026-07-15 22:12:39,C001,10.26,84.35,1.58
2026-07-15 22:12:41,C005,6.36,76.24,1.67
2026-07-15 22:12:43,C002,11.88,72.89,1.04
2026-07-15 22:12:45,C005,7.27,78.41,0.35
2026-07-15 22:12:47,C004,5.21,67.98,1.24
2026-07-15 22:12:49,C001,10.78,61.97,0.68
2026-07-15 22:12:51,C001,5.64,84.02,0.92
2026-07-15 22:12:53,C004,6.52,64.16,0.92
2026-07-15 22:12:55,C001,4.03,84.52,0.93
2026-07-15 22:12:57,C001,5.18,70.54,1.45
2026-07-15 22:12:59,C003,4.39,78.69,0.44
2026-07-15 22:13:01,C003,11.13,93.59,1.25
2026-07-15 22:13:03,C004,4.2,64.36,0.52
2026-07-15 22:13:05,C004,10.15,81.36,0.28
2026-07-15 22:13:07,C004,3.86,78.57,1.29
2026-07-15 22:13:09,C002,5.97,94.32,0.85
2026-07-15 22:13:11,C001,3.91,62.94,0.37
2026-07-15 22:13:13,C005,9.84,68.23,1.51
2026-07-15 22:13:15,C002,2.97,76.74,1.47
2026-07-15 22:13:17,C001,9.59,73.0,0.23
2026-07-15 22:13:19,C003,5.2,65.09,1.41
2026-07-15 22:13:21,C002,6.31,69.69,1.74
2026-07-15 22:13:23,C004,8.23,74.94,1.3
2026-07-15 22:13:25,C002,3.87,75.4,0.86
2026-07-15 22:13:27,C003,10.52,81.17,0.12
2026-07-15 22:13:29,C001,11.01,76.06,1.47
2026-07-15 22:13:31,C003,7.77,85.6,0.22
2026-07-15 22:13:33,C001,4.3,64.49,1.37
2026-07-15 22:13:35,C001,4.18,79.51,1.04
2026-07-15 22:13:37,C005,6.3,75.57,1.02
2026-07-15 22:13:39,C004,5.12,79.85,0.45
2026-07-15 22:13:41,C003,2.11,68.13,0.23
2026-07-15 22:13:43,C003,10.74,65.04,1.58
2026-07-15 22:13:45,C003,6.92,62.38,1.1
2026-07-15 22:13:47,C005,8.12,69.96,1.75
2026-07-15 22:13:49,C002,3.66,80.4,1.87
2026-07-15 22:13:51,C002,6.57,65.44,1.86
2026-07-15 22:13:53,C001,8.53,90.79,0.88
2026-07-15 22:13:55,C005,11.19,82.67,1.67
2026-07-15 22:13:57,C002,4.79,60.35,0.3
2026-07-15 22:13:59,C005,4.49,76.73,0.45
2026-07-15 22:14:01,C002,2.0,73.7,0.84
2026-07-15 22:14:03,C004,10.98,75.93,1.77
2026-07-15 22:14:05,C004,5.71,76.37,0.61
2026-07-15 22:14:07,C002,3.03,75.17,1.27
2026-07-15 22:14:09,C005,10.87,94.1,1.64
2026-07-15 22:14:11,C001,4.72,75.24,1.1
2026-07-15 22:14:13,C003,8.35,69.8,0.82
2026-07-15 22:14:15,C003,11.56,78.56,1.44
2026-07-15 22:14:17,C004,6.81,70.28,1.99
2026-07-15 22:14:19,C004,10.59,85.13,0.7
2026-07-15 22:14:21,C005,11.97,69.74,1.51
2026-07-15 22:14:23,C004,10.7,83.9,0.46
2026-07-15 22:14:25,C002,7.2,68.51,1.6
2026-07-15 22:14:27,C003,2.33,68.65,1.96
2026-07-15 22:14:29,C002,10.85,71.28,0.72
2026-07-15 22:14:31,C001,9.95,62.37,0.22
2026-07-15 22:14:33,C001,3.2,71.47,0.31
2026-07-15 22:14:35,C005,2.91,70.18,0.33
2026-07-15 22:14:37,C004,2.03,65.44,1.73
2026-07-15 22:14:39,C004,2.38,76.64,1.36
2026-07-15 22:14:41,C004,3.45,77.23,0.7
2026-07-15 22:14:43,C002,9.53,92.56,0.43
2026-07-15 22:14:45,C002,4.85,88.36,0.87
2026-07-15 22:14:47,C002,3.83,92.2,1.0
2026-07-15 22:14:49,C002,8.56,71.75,1.54
2026-07-15 22:14:51,C002,3.78,61.52,0.18
2026-07-15 22:14:53,C005,11.18,72.35,1.99
2026-07-15 22:14:55,C003,11.25,90.17,1.59
2026-07-15 22:14:57,C003,5.77,62.14,0.95
2026-07-15 22:14:59,C004,8.86,80.78,2.0
2026-07-15 22:15:01,C002,10.92,70.93,1.66
2026-07-15 22:15:03,C001,3.5,91.76,0.4
2026-07-15 22:15:05,C001,11.8,91.38,0.33
2026-07-15 22:15:07,C004,5.61,85.61,0.69
2026-07-15 22:15:09,C003,5.48,91.9,1.03
2026-07-15 22:15:11,C001,4.09,90.9,1.42
2026-07-15 22:15:13,C002,9.4,84.42,0.72
2026-07-15 22:15:15,C002,10.25,82.24,1.04
2026-07-15 22:15:17,C003,11.44,86.67,0.24
2026-07-15 22:15:19,C003,11.18,84.65,1.34
2026-07-15 22:15:21,C004,10.68,61.67,1.48
2026-07-15 22:15:23,C004,2.2,73.75,0.64
2026-07-15 22:15:25,C001,4.03,93.49,1.25
2026-07-15 22:15:27,C005,7.55,93.2,1.2
2026-07-15 22:15:29,C003,6.96,77.61,1.9
2026-07-15 22:15:31,C001,3.13,74.03,1.58
2026-07-15 22:15:33,C004,4.57,89.18,1.39
2026-07-15 22:15:35,C005,4.52,82.18,1.21
2026-07-15 22:15:37,C004,8.2,66.68,0.76
2026-07-15 22:15:39,C001,9.1,79.87,0.66
2026-07-15 22:15:41,C001,5.61,68.98,0.11
2026-07-15 22:15:43,C001,6.48,83.55,0.87
2026-07-15 22:15:45,C002,9.04,65.33,1.23
2026-07-15 22:15:47,C002,6.37,80.05,1.82
2026-07-15 22:15:49,C003,6.5,60.53,1.21
2026-07-15 22:15:51,C005,5.96,79.83,0.19
2026-07-15 22:15:53,C003,7.39,71.48,1.42
2026-07-15 22:15:55,C002,3.03,68.82,1.01
2026-07-15 22:15:57,C002,7.14,94.38,1.34
2026-07-15 22:15:59,C004,3.07,89.73,0.5
2026-07-15 22:16:01,C001,3.05,91.33,1.4
2026-07-15 22:16:03,C001,9.34,86.64,1.36
2026-07-15 22:16:05,C001,5.66,81.3,1.64
2026-07-15 22:16:07,C003,4.51,80.09,0.58
2026-07-15 22:16:09,C005,9.7,80.6,1.26
2026-07-15 22:16:11,C003,2.91,75.8,1.92
2026-07-15 22:16:13,C003,3.2,64.12,0.65
2026-07-15 22:16:15,C001,3.55,72.62,1.04
2026-07-15 22:16:17,C005,8.74,83.35,1.67
2026-07-15 22:16:19,C005,6.64,79.36,0.27
2026-07-15 22:16:21,C001,8.0,69.62,1.64
2026-07-15 22:16:23,C005,4.32,65.37,1.87
2026-07-15 22:16:25,C005,11.88,91.23,1.2
2026-07-15 22:16:27,C003,10.0,89.31,0.11
2026-07-15 22:16:29,C001,10.81,67.95,1.54
2026-07-15 22:16:31,C002,3.21,80.9,0.25
2026-07-15 22:16:33,C003,11.97,89.93,0.65
2026-07-15 22:16:35,C001,6.07,69.93,0.19
2026-07-15 22:16:37,C001,3.14,62.51,1.64
2026-07-15 22:16:39,C003,2.68,78.94,0.35
2026-07-15 22:16:41,C003,2.84,86.75,0.14
2026-07-15 22:16:43,C003,3.36,80.94,1.23
2026-07-15 22:16:45,C005,5.27,61.95,0.31
2026-07-15 22:16:47,C003,11.74,60.1,0.61
2026-07-15 22:16:49,C001,5.35,71.33,1.64
2026-07-15 22:16:51,C005,7.34,69.3,1.11
2026-07-15 22:16:53,C002,4.93,76.26,1.34
2026-07-15 22:16:55,C002,8.94,71.77,0.92
2026-07-15 22:16:57,C003,5.04,93.91,1.5
2026-07-15 22:16:59,C001,5.3,75.77,0.34
2026-07-15 22:17:01,C003,11.92,66.15,0.57
2026-07-15 22:17:03,C005,6.79,92.96,1.58
2026-07-15 22:17:05,C003,10.24,67.99,1.92
2026-07-15 22:17:07,C002,6.34,85.5,0.39
2026-07-15 22:17:09,C003,3.03,85.94,1.4
2026-07-15 22:17:11,C002,2.12,91.9,1.65
2026-07-15 22:17:13,C001,5.56,63.81,0.44
2026-07-15 22:17:15,C001,3.56,91.62,0.3
2026-07-15 22:17:17,C003,7.44,75.73,1.27
2026-07-15 22:17:19,C005,2.59,66.94,1.36
2026-07-15 22:17:21,C001,5.4,85.47,1.86
2026-07-15 22:17:23,C002,5.79,75.12,0.12
2026-07-15 22:17:25,C005,10.94,66.2,1.0
2026-07-15 22:17:27,C002,4.08,62.73,1.72
2026-07-15 22:17:29,C003,8.39,91.39,0.71
2026-07-15 22:17:31,C005,6.59,83.0,0.97
2026-07-15 22:17:33,C005,4.97,75.51,0.89
2026-07-15 22:17:35,C004,8.13,67.71,0.26
2026-07-15 22:17:37,C002,9.52,91.39,1.48
2026-07-15 22:17:39,C004,5.32,70.37,0.83
2026-07-15 22:17:41,C003,4.37,70.15,1.55
2026-07-15 22:17:43,C004,11.79,71.8,1.66
2026-07-15 22:17:45,C001,6.22,71.68,0.54
2026-07-15 22:17:47,C001,7.94,79.04,0.84
2026-07-15 22:17:49,C002,7.02,65.5,1.71
2026-07-15 22:17:51,C005,2.38,69.32,0.45
2026-07-15 22:17:53,C001,10.05,94.13,1.75
2026-07-15 22:17:55,C002,3.19,90.89,1.18
2026-07-15 22:17:57,C003,7.62,82.26,1.51
2026-07-15 22:17:59,C004,9.37,62.06,1.65
2026-07-15 22:18:01,C004,7.94,90.87,1.73
2026-07-15 22:18:03,C001,10.63,62.19,1.39
2026-07-15 22:18:05,C001,7.48,65.11,0.91
2026-07-15 22:18:07,C004,5.72,69.23,1.76
2026-07-15 22:18:09,C003,6.47,89.36,0.31
2026-07-15 22:18:11,C004,9.5,68.68,0.57
2026-07-15 22:18:13,C004,7.7,83.62,1.12
2026-07-15 22:18:15,C005,11.83,76.6,1.75
2026-07-15 22:18:17,C003,6.11,61.95,0.19
2026-07-15 22:18:19,C001,7.99,87.34,0.16
2026-07-15 22:18:21,C001,9.05,92.03,0.33
2026-07-15 22:18:23,C005,10.5,83.08,0.64
2026-07-15 22:18:25,C004,11.86,71.43,1.97
2026-07-15 22:18:27,C001,7.18,76.63,0.29
2026-07-15 22:18:29,C003,9.9,92.23,1.24
2026-07-15 22:18:31,C002,8.98,64.44,1.04
2026-07-15 22:18:33,C002,3.67,84.52,0.75
2026-07-15 22:18:35,C003,9.96,81.42,0.31
2026-07-15 22:18:37,C001,4.84,76.98,0.65
2026-07-15 22:18:39,C002,10.09,76.38,0.81
2026-07-15 22:18:41,C005,6.33,89.39,0.72
2026-07-15 22:18:43,C005,2.75,90.58,0.53
2026-07-15 22:18:45,C005,5.69,66.98,1.27
2026-07-15 22:18:47,C003,4.68,81.2,0.93
2026-07-15 22:18:49,C002,3.85,75.64,1.58
2026-07-15 22:18:51,C002,9.96,79.1,1.36
2026-07-15 22:18:53,C005,10.37,93.45,1.13
2026-07-15 22:18:55,C004,10.7,93.65,0.1
2026-07-15 22:18:57,C003,7.82,82.44,0.53
2026-07-15 22:18:59,C001,2.39,93.03,1.58
2026-07-15 22:19:01,C005,7.74,83.5,0.17
2026-07-15 22:19:03,C001,9.1,88.19,1.57
2026-07-15 22:19:05,C003,11.95,78.3,1.41
2026-07-15 22:19:07,C003,3.77,76.61,1.1
2026-07-15 22:19:09,C001,9.95,74.73,1.79
2026-07-15 22:19:11,C001,4.92,89.62,1.61
2026-07-15 22:19:13,C003,5.85,93.57,0.82
2026-07-15 22:19:15,C005,2.72,78.23,1.23
2026-07-15 22:19:17,C001,6.64,84.78,0.12
2026-07-15 22:19:19,C003,6.22,90.12,0.71
2026-07-15 22:19:21,C001,5.74,90.67,0.83
2026-07-15 22:19:23,C003,8.21,60.02,0.52
2026-07-15 22:19:25,C001,2.73,87.36,1.9
2026-07-15 22:19:27,C005,5.09,88.83,1.65
2026-07-15 22:19:29,C004,9.61,91.43,0.85
2026-07-15 22:19:31,C003,7.86,60.02,0.18
2026-07-15 22:19:33,C001,10.04,71.53,1.28
2026-07-15 22:19:35,C004,7.29,93.45,1.47
2026-07-15 22:19:37,C005,3.39,86.01,0.88
2026-07-15 22:19:39,C003,6.45,64.74,1.56
2026-07-15 22:19:41,C002,9.25,77.67,1.28
2026-07-15 22:19:43,C004,8.56,64.4,1.06
2026-07-15 22:19:45,C002,10.4,66.04,0.23
2026-07-15 22:19:47,C001,8.5,91.28,0.46
2026-07-15 22:19:49,C004,6.24,72.76,1.95
2026-07-15 22:19:51,C001,3.68,67.45,1.2
2026-07-15 22:19:53,C003,11.55,90.15,0.62
2026-07-15 22:19:55,C004,4.75,84.99,0.36
2026-07-15 22:19:57,C004,7.01,81.86,1.45
2026-07-15 22:19:59,C004,6.11,92.21,0.13
2026-07-15 22:20:01,C004,11.34,92.94,0.46
2026-07-15 22:20:03,C001,11.19,71.64,1.2
2026-07-15 22:20:05,C005,4.96,91.5,0.28
2026-07-15 22:20:07,C002,3.96,85.11,0.52
2026-07-15 22:20:09,C005,11.9,65.78,1.7
2026-07-15 22:20:11,C004,11.08,61.09,1.78
2026-07-15 22:20:13,C003,9.61,75.12,0.35
2026-07-15 22:20:15,C005,7.09,86.51,0.86
2026-07-15 22:20:17,C001,6.32,71.88,0.33
2026-07-15 22:20:19,C002,5.45,88.55,1.09
2026-07-15 22:20:21,C004,11.95,90.07,1.94
2026-07-15 22:20:23,C005,4.14,89.89,0.51
2026-07-15 22:20:25,C001,6.17,79.16,1.1
2026-07-15 22:20:27,C003,3.4,90.2,0.25
2026-07-15 22:20:29,C004,5.61,83.15,1.0
2026-07-15 22:20:31,C001,2.11,86.23,1.73
2026-07-15 22:20:33,C001,3.3,93.88,0.18
2026-07-15 22:20:35,C004,4.57,94.69,0.25
2026-07-15 22:20:37,C002,9.37,78.16,1.77
2026-07-15 22:20:39,C001,9.59,66.92,1.72
2026-07-15 22:20:41,C002,5.48,63.85,1.72
2026-07-15 22:20:43,C005,7.86,88.27,0.74
2026-07-15 22:20:45,C004,2.94,64.04,0.74
2026-07-15 22:20:47,C005,10.09,83.58,0.23
2026-07-15 22:20:49,C004,11.59,61.23,1.68
2026-07-15 22:20:51,C005,8.31,74.08,0.16
2026-07-15 22:20:53,C003,7.89,74.62,0.59
2026-07-15 22:20:55,C004,9.41,77.87,1.32
2026-07-15 22:20:57,C003,11.65,82.79,0.59
2026-07-15 22:20:59,C001,6.76,92.4,0.94
2026-07-15 22:21:01,C001,6.29,64.18,1.37
2026-07-15 22:21:03,C003,3.87,79.14,0.89
2026-07-15 22:21:05,C005,4.38,72.56,0.84
2026-07-15 22:21:07,C002,5.38,68.96,0.72
2026-07-15 22:21:09,C004,3.79,91.36,1.31
2026-07-15 22:21:11,C005,6.05,73.0,1.21
2026-07-15 22:21:13,C005,5.6,65.16,0.2
2026-07-15 22:21:15,C003,8.98,73.39,0.91
2026-07-15 22:21:17,C005,2.58,78.37,0.34
2026-07-15 22:21:19,C001,3.42,61.41,1.06
2026-07-15 22:21:21,C001,11.01,63.22,1.36
2026-07-15 22:21:23,C004,11.48,87.54,0.66
2026-07-15 22:21:25,C002,6.86,83.77,1.21
2026-07-15 22:21:27,C005,8.32,82.57,0.13
2026-07-15 22:21:29,C002,2.36,79.76,0.43
2026-07-15 22:21:31,C002,2.99,85.09,0.53
2026-07-15 22:21:33,C001,8.78,85.26,1.29
2026-07-15 22:21:35,C001,8.71,85.75,1.12
2026-07-15 22:21:37,C002,8.71,73.93,0.33
2026-07-15 22:21:39,C001,11.0,93.68,1.61
2026-07-15 22:21:41,C001,3.49,89.56,0.14
2026-07-15 22:21:43,C004,7.44,77.95,0.58
2026-07-15 22:21:45,C002,2.55,74.27,0.25
2026-07-15 22:21:47,C001,3.35,88.89,1.11
2026-07-15 22:21:49,C005,4.52,90.92,1.4
2026-07-15 22:21:51,C003,11.51,63.0,1.54
2026-07-15 22:21:53,C003,2.47,71.75,0.72
2026-07-15 22:21:55,C002,7.25,87.68,0.68
2026-07-15 22:21:57,C003,8.92,82.47,1.08
2026-07-15 22:21:59,C001,11.81,85.42,1.21
2026-07-15 22:22:01,C001,10.41,89.11,0.46
2026-07-15 22:22:03,C003,10.78,61.05,0.65
2026-07-15 22:22:05,C004,6.77,86.55,1.15
2026-07-15 22:22:07,C001,10.55,85.12,0.39
2026-07-15 22:22:09,C001,3.42,75.69,1.08
2026-07-15 22:22:11,C004,7.15,76.86,0.76
2026-07-15 22:22:13,C002,7.35,61.5,0.22
2026-07-15 22:22:15,C002,5.66,84.01,1.03
2026-07-15 22:22:17,C001,11.67,75.29,1.08
2026-07-15 22:22:19,C004,2.33,94.35,1.84
2026-07-15 22:22:21,C002,11.8,71.34,0.96
2026-07-15 22:22:23,C002,4.3,84.39,1.34
2026-07-15 22:22:25,C003,5.56,81.19,1.7
2026-07-15 22:22:27,C001,11.16,62.71,1.83
2026-07-15 22:22:29,C002,8.74,86.69,1.11
2026-07-15 22:22:31,C002,9.59,72.84,0.56
2026-07-15 22:22:33,C002,10.38,69.71,0.65
2026-07-15 22:22:35,C005,3.95,75.93,1.8
2026-07-15 22:22:37,C002,9.83,75.13,0.2
2026-07-15 22:22:39,C003,10.58,71.2,1.48
2026-07-15 22:22:41,C002,9.27,79.53,0.16
2026-07-15 22:22:43,C001,7.16,94.45,1.5
2026-07-15 22:22:45,C005,3.28,93.05,1.74
2026-07-15 22:22:47,C003,3.84,88.44,1.12
2026-07-15 22:22:49,C002,2.54,74.66,1.25
2026-07-15 22:22:51,C002,2.61,88.63,0.99
2026-07-15 22:22:53,C005,5.9,65.44,0.62
2026-07-15 22:22:55,C002,11.24,66.27,0.88
2026-07-15 22:22:57,C002,5.86,83.05,1.68
2026-07-15 22:22:59,C004,11.43,87.03,1.64
2026-07-15 22:23:01,C003,11.83,90.21,0.27
2026-07-15 22:23:03,C002,3.06,86.72,0.79
2026-07-15 22:23:05,C004,3.1,74.47,1.79
2026-07-15 22:23:07,C005,2.22,90.44,1.71
2026-07-15 22:23:09,C002,9.7,93.73,0.22
2026-07-15 22:23:11,C005,8.67,84.87,1.81
2026-07-15 22:23:13,C005,11.0,91.12,1.36
2026-07-15 22:23:15,C003,4.07,72.7,1.54
2026-07-15 22:23:17,C004,9.89,71.02,0.12
2026-07-15 22:23:19,C005,5.4,91.52,1.91
2026-07-15 22:23:21,C001,9.88,66.88,1.58
2026-07-15 22:23:23,C003,7.28,65.19,1.54
2026-07-15 22:23:25,C003,11.36,61.39,1.98
2026-07-15 22:23:27,C003,10.83,72.02,1.78
2026-07-15 22:23:29,C004,6.98,82.63,0.95
2026-07-15 22:23:31,C005,8.83,60.21,1.49
2026-07-15 22:23:33,C001,10.95,75.3,1.5
2026-07-15 22:23:35,C004,3.34,84.54,1.59
2026-07-15 22:23:37,C002,5.89,75.9,1.63
2026-07-15 22:23:39,C002,9.47,73.66,0.52
2026-07-15 22:23:41,C001,3.18,66.83,1.6
2026-07-15 22:23:43,C002,3.25,64.8,0.62
2026-07-15 22:23:45,C005,11.28,78.32,1.55
2026-07-15 22:23:47,C005,2.37,86.46,0.97
2026-07-15 22:23:49,C002,7.13,92.46,0.56
2026-07-15 22:23:51,C005,5.69,61.82,1.14
2026-07-15 22:23:53,C002,6.13,78.81,0.88
2026-07-15 22:23:55,C003,6.53,70.95,0.89
2026-07-15 22:23:57,C005,8.88,86.45,1.11
2026-07-15 22:23:59,C004,7.23,80.76,1.39
2026-07-15 22:24:01,C001,2.03,65.71,1.42
2026-07-15 22:24:03,C002,2.98,92.51,0.95
2026-07-15 22:24:05,C004,10.13,94.64,1.44
2026-07-15 22:24:07,C005,3.6,74.84,1.47
2026-07-15 22:24:09,C004,8.88,74.6,1.26
2026-07-15 22:24:11,C003,11.88,89.13,1.01
2026-07-15 22:24:13,C003,5.55,69.79,1.05
2026-07-15 22:24:15,C003,2.56,85.85,0.59
2026-07-15 22:24:17,C003,11.46,83.14,0.39
2026-07-15 22:24:19,C003,8.37,76.63,1.12
2026-07-15 22:24:21,C002,3.6,90.9,1.48
2026-07-15 22:24:23,C004,2.99,89.0,1.16
2026-07-15 22:24:25,C002,3.9,93.33,0.85
2026-07-15 22:24:27,C001,11.45,74.2,1.86
2026-07-15 22:24:29,C005,2.23,73.8,0.97
2026-07-15 22:24:31,C004,2.42,73.38,1.46
2026-07-15 22:24:33,C001,10.47,67.89,1.95
2026-07-15 22:24:35,C001,3.16,64.31,1.61
2026-07-15 22:24:37,C004,9.71,85.02,1.79
2026-07-15 22:24:39,C003,6.4,65.95,1.23
2026-07-15 22:24:41,C002,7.58,83.26,0.85
2026-07-15 22:24:43,C001,8.63,74.29,1.56
2026-07-15 22:24:45,C005,2.74,93.11,0.91
2026-07-15 22:24:47,C002,11.61,83.65,0.6
2026-07-15 22:24:49,C005,5.54,76.66,1.81
2026-07-15 22:24:51,C005,3.82,94.68,0.19
2026-07-15 22:24:53,C005,6.55,60.51,0.83
2026-07-15 22:24:55,C001,4.22,71.77,0.57
2026-07-15 22:24:57,C003,6.96,94.19,1.15
2026-07-15 22:24:59,C004,5.84,64.05,1.39
2026-07-15 22:25:01,C004,3.42,74.98,0.88
2026-07-15 22:25:03,C002,8.77,63.05,0.92
2026-07-15 22:25:05,C004,10.37,77.68,0.92
2026-07-15 22:25:07,C005,2.27,80.62,0.92
2026-07-15 22:25:09,C004,10.53,68.85,1.22
2026-07-15 22:25:11,C002,9.5,65.92,1.93
2026-07-15 22:25:13,C001,4.55,91.42,0.27
2026-07-15 22:25:15,C005,2.73,91.19,0.15
2026-07-15 22:25:17,C003,11.14,92.4,0.54
2026-07-15 22:25:19,C004,7.1,70.18,0.79
2026-07-15 22:25:21,C005,5.18,78.39,0.18
2026-07-15 22:25:23,C005,9.47,78.48,0.27
2026-07-15 22:25:25,C004,11.59,62.64,1.48
2026-07-15 22:25:27,C002,3.02,65.6,1.55
2026-07-15 22:25:29,C005,4.56,83.54,0.37
2026-07-15 22:25:31,C004,9.53,94.03,0.69
2026-07-15 22:25:33,C002,6.25,68.94,1.77
2026-07-15 22:25:35,C002,5.32,91.49,1.03
2026-07-15 22:25:37,C003,4.0,82.15,1.98
2026-07-15 22:25:39,C003,5.36,91.82,1.37
2026-07-15 22:25:41,C003,9.14,92.78,1.95
2026-07-15 22:25:43,C002,4.15,71.98,1.85
2026-07-15 22:25:45,C004,10.72,62.44,0.63
2026-07-15 22:25:47,C002,2.09,67.95,1.66
2026-07-15 22:25:49,C001,11.42,68.62,0.91
2026-07-15 22:25:51,C001,10.45,66.04,0.93
2026-07-15 22:25:53,C001,6.04,93.73,0.29
2026-07-15 22:25:55,C001,9.8,64.02,0.39
2026-07-15 22:25:57,C004,3.8,77.8,0.4
2026-07-15 22:25:59,C003,6.88,80.58,1.58
2026-07-15 22:26:01,C005,11.21,70.89,0.24
2026-07-15 22:26:03,C005,11.14,78.01,0.13
2026-07-15 22:26:05,C004,2.87,82.73,0.28
2026-07-15 22:26:07,C001,4.44,94.31,0.39
2026-07-15 22:26:09,C005,7.24,70.88,0.7
2026-07-15 22:26:11,C003,7.18,84.81,0.5
2026-07-15 22:26:13,C001,2.39,68.08,1.21
2026-07-15 22:26:15,C001,4.04,82.38,1.28
2026-07-15 22:26:17,C002,4.27,78.77,0.3
2026-07-15 22:26:19,C003,8.44,85.13,0.99
2026-07-15 22:26:21,C002,5.24,73.97,1.1
2026-07-15 22:26:23,C005,4.06,90.67,0.71
2026-07-15 22:26:25,C001,5.57,90.59,0.38
2026-07-15 22:26:27,C005,4.05,76.24,0.98
2026-07-15 22:26:29,C002,7.46,63.06,1.81
2026-07-15 22:26:31,C005,7.98,69.3,1.05
2026-07-15 22:26:33,C004,3.37,81.7,0.24
2026-07-15 22:26:35,C003,3.72,93.31,0.27
2026-07-15 22:26:37,C004,7.92,67.1,1.15
2026-07-15 22:26:39,C002,10.3,94.59,1.53
2026-07-15 22:26:41,C005,4.35,87.91,0.79
2026-07-15 22:26:43,C001,8.31,70.69,1.98
2026-07-15 22:26:45,C003,4.77,91.31,1.54
2026-07-15 22:26:47,C003,9.95,63.22,1.3
2026-07-15 22:26:49,C003,7.5,69.47,0.88
2026-07-15 22:26:51,C003,6.52,82.99,1.37
2026-07-15 22:26:53,C004,2.94,72.41,1.15
2026-07-15 22:26:55,C003,4.07,83.41,1.07
2026-07-15 22:26:57,C005,7.65,87.66,1.01
2026-07-15 22:26:59,C001,4.48,91.82,1.06
2026-07-15 22:27:01,C001,9.36,77.96,1.3
2026-07-15 22:27:03,C005,7.88,66.43,1.26
2026-07-15 22:27:05,C004,5.97,92.03,1.17
2026-07-15 22:27:07,C003,3.37,64.39,1.41
2026-07-15 22:27:09,C004,2.64,85.73,1.11
2026-07-15 22:27:11,C003,9.55,60.79,0.32
2026-07-15 22:27:13,C005,8.88,85.62,0.51
2026-07-15 22:27:15,C004,9.58,75.98,0.82
2026-07-15 22:27:17,C005,9.45,68.18,0.45
2026-07-15 22:27:19,C005,6.74,63.25,0.69
2026-07-15 22:27:21,C002,7.59,80.92,1.48
2026-07-15 22:27:23,C003,3.32,78.47,1.33
2026-07-15 22:27:25,C001,7.83,83.73,1.51
2026-07-15 22:27:27,C005,2.54,60.09,0.62
2026-07-15 22:27:29,C002,9.93,70.6,1.1
2026-07-15 22:27:31,C004,10.55,80.47,0.92
2026-07-15 22:27:33,C001,4.35,62.57,0.56
2026-07-15 22:27:35,C005,9.62,88.16,1.28
2026-07-15 22:27:37,C004,8.52,83.44,1.9
2026-07-15 22:27:39,C004,8.96,74.96,1.26
2026-07-15 22:27:41,C002,2.57,81.55,1.03
2026-07-15 22:27:43,C002,3.54,71.04,1.78
2026-07-15 22:27:45,C003,4.5,80.01,0.77
2026-07-15 22:27:47,C005,2.72,68.31,1.15
2026-07-15 22:27:49,C001,6.17,62.79,0.41
2026-07-15 22:27:51,C002,4.57,86.68,0.1
2026-07-15 22:27:53,C001,10.11,83.54,0.74
2026-07-15 22:27:55,C005,7.88,88.22,0.51
2026-07-15 22:27:57,C002,5.87,75.56,1.26
2026-07-15 22:27:59,C004,5.27,87.2,0.11
2026-07-15 22:28:01,C001,7.15,93.78,0.93
2026-07-15 22:28:03,C003,9.62,81.09,0.98
2026-07-15 22:28:05,C001,9.55,83.07,1.84
2026-07-15 22:28:07,C002,5.24,71.66,0.48
2026-07-15 22:28:09,C001,4.33,62.46,1.58
2026-07-15 22:28:11,C001,5.54,78.46,1.34
2026-07-15 22:28:13,C005,5.43,74.9,0.37
2026-07-15 22:28:15,C003,11.0,63.23,1.06
2026-07-15 22:28:17,C001,9.34,76.08,1.45
2026-07-15 22:28:19,C004,10.89,72.21,0.57
2026-07-15 22:28:21,C003,6.06,61.59,1.94
2026-07-15 22:28:23,C002,9.15,73.86,1.05
2026-07-15 22:28:25,C003,6.36,63.96,0.32
2026-07-15 22:28:27,C004,6.9,86.17,0.32
2026-07-15 22:28:29,C002,3.83,73.67,1.84
2026-07-15 22:28:31,C004,8.7,81.76,0.16
2026-07-15 22:28:33,C001,7.67,65.33,0.61
2026-07-15 22:28:35,C004,6.49,84.51,0.76
2026-07-15 22:28:37,C004,9.33,61.83,1.82
2026-07-15 22:28:39,C002,6.84,63.68,0.29
2026-07-15 22:28:41,C005,9.5,62.25,0.94
2026-07-15 22:28:43,C001,10.81,79.94,1.43
2026-07-15 22:28:45,C005,7.49,73.78,0.54
2026-07-15 22:28:47,C002,6.26,69.13,0.9
2026-07-15 22:28:49,C001,4.61,68.27,1.68
2026-07-15 22:28:51,C004,11.3,61.71,1.61
2026-07-15 22:28:53,C004,10.78,78.46,0.44
2026-07-15 22:28:55,C005,6.52,90.84,1.44
2026-07-15 22:28:57,C004,9.51,68.38,0.33
2026-07-15 22:28:59,C005,6.02,72.6,1.74
2026-07-15 22:29:01,C004,5.3,73.63,1.13
2026-07-15 22:29:03,C003,5.3,90.92,0.47
2026-07-15 22:29:05,C002,5.25,82.74,1.32
2026-07-15 22:29:07,C004,6.65,76.28,0.57
2026-07-15 22:29:09,C004,3.83,80.7,1.09
2026-07-15 22:29:11,C002,9.8,83.65,1.05
2026-07-15 22:29:13,C004,6.14,88.12,1.18
2026-07-15 22:29:15,C003,6.73,85.27,1.52
2026-07-15 22:29:17,C003,11.9,72.5,0.15
2026-07-15 22:29:19,C005,5.04,61.23,1.94
2026-07-15 22:29:21,C005,6.09,62.42,1.93
2026-07-15 22:29:23,C004,9.37,85.45,0.92
2026-07-15 22:29:25,C002,9.66,91.19,1.36
2026-07-15 22:29:27,C001,6.97,66.3,0.67
2026-07-15 22:29:29,C003,8.23,62.45,0.24
2026-07-15 22:29:31,C004,5.39,61.05,0.93
2026-07-15 22:29:33,C003,3.07,93.97,1.18
2026-07-15 22:29:35,C005,10.99,61.05,0.87
2026-07-15 22:29:37,C002,6.89,91.21,1.89
2026-07-15 22:29:39,C001,4.32,65.65,1.42
2026-07-15 22:29:41,C004,10.64,77.71,1.34
2026-07-15 22:29:43,C001,10.08,70.21,0.18
2026-07-15 22:29:45,C004,11.77,77.27,0.91
2026-07-15 22:29:47,C003,4.88,73.74,0.28
2026-07-15 22:29:49,C004,3.57,93.54,1.63
2026-07-15 22:29:51,C002,4.2,83.12,0.71
2026-07-15 22:29:53,C001,3.23,77.14,1.53
2026-07-15 22:29:55,C003,3.27,78.0,0.3
2026-07-15 22:29:57,C002,2.95,78.65,1.17
2026-07-15 22:29:59,C005,2.79,87.43,0.25
2026-07-15 22:30:01,C005,4.74,62.78,1.32
2026-07-15 22:30:03,C003,2.97,82.75,0.83
2026-07-15 22:30:05,C004,10.49,72.84,0.99
2026-07-15 22:30:07,C002,7.06,83.09,1.77
2026-07-15 22:30:09,C001,7.13,94.94,0.71
2026-07-15 22:30:11,C004,6.95,61.22,1.36
2026-07-15 22:30:13,C001,8.68,79.17,0.63
2026-07-15 22:30:15,C003,10.05,65.48,1.06
2026-07-15 22:30:17,C005,2.94,61.77,1.96
2026-07-15 22:30:19,C005,9.54,71.08,1.62
2026-07-15 22:30:21,C003,10.42,71.32,0.79
2026-07-15 22:30:23,C003,5.48,75.75,0.28
2026-07-15 22:30:25,C005,6.24,93.42,1.51
2026-07-15 22:30:27,C004,7.32,77.41,1.47
2026-07-15 22:30:29,C001,4.99,90.45,0.26
2026-07-15 22:30:31,C002,10.4,79.49,1.28
2026-07-15 22:30:33,C002,8.59,89.55,0.78
2026-07-15 22:30:35,C001,6.59,92.49,0.47
2026-07-15 22:30:37,C003,3.22,80.97,0.56
2026-07-15 22:30:39,C005,2.3,72.01,0.26
2026-07-15 22:30:41,C005,5.54,66.48,1.26
2026-07-15 22:30:43,C004,11.38,83.65,1.92
2026-07-15 22:30:45,C004,5.2,79.91,1.43
2026-07-15 22:30:47,C004,8.8,61.72,0.36
2026-07-15 22:30:49,C003,8.73,82.6,0.43
2026-07-15 22:30:51,C002,9.2,69.93,0.86
2026-07-15 22:30:53,C004,10.87,89.43,1.57
2026-07-15 22:30:55,C002,9.23,94.09,0.74
2026-07-15 22:30:57,C003,8.86,70.38,1.24
2026-07-15 22:30:59,C002,5.74,90.53,1.62
2026-07-15 22:31:01,C003,11.35,72.51,1.77
2026-07-15 22:31:03,C002,8.3,88.86,0.11
2026-07-15 22:31:05,C002,3.49,72.18,0.33
2026-07-15 22:31:07,C002,9.91,64.45,0.69
2026-07-15 22:31:09,C005,4.25,62.45,1.09
2026-07-15 22:31:11,C002,7.74,64.36,1.46
2026-07-15 22:31:13,C001,4.57,92.32,1.36
2026-07-15 22:31:15,C004,10.9,64.27,1.23
2026-07-15 22:31:17,C004,10.01,65.31,1.58
2026-07-15 22:31:19,C001,2.85,70.82,0.73
2026-07-15 22:31:21,C004,11.96,78.77,0.46
2026-07-15 22:31:23,C005,11.84,73.64,1.66
2026-07-15 22:31:25,C004,5.87,78.81,1.51
2026-07-15 22:31:27,C002,11.23,70.41,1.54
2026-07-15 22:31:29,C004,6.09,76.94,1.03
2026-07-15 22:31:31,C002,11.19,85.36,0.27
2026-07-15 22:31:33,C005,3.88,86.1,1.4
2026-07-15 22:31:35,C003,7.19,77.68,0.84
2026-07-15 22:31:37,C004,6.88,79.17,1.64
2026-07-15 22:31:39,C005,4.53,75.45,0.87
2026-07-15 22:31:41,C004,4.43,68.61,1.33
2026-07-15 22:31:43,C004,8.78,88.07,1.34
2026-07-15 22:31:45,C002,3.59,82.41,1.47
2026-07-15 22:31:47,C001,5.56,74.47,0.97
2026-07-15 22:31:49,C002,9.35,86.98,0.23
2026-07-15 22:31:51,C002,6.27,80.96,1.69
2026-07-15 22:31:53,C003,6.33,88.73,0.99
2026-07-15 22:31:55,C004,10.81,85.06,0.36
2026-07-15 22:31:57,C004,6.64,74.23,0.77
2026-07-15 22:31:59,C001,10.5,86.35,1.16
2026-07-15 22:32:01,C004,7.54,63.09,1.1
2026-07-15 22:32:03,C005,5.77,76.52,0.33
2026-07-15 22:32:05,C003,3.6,78.73,0.67
2026-07-15 22:32:07,C003,4.76,75.21,1.22
2026-07-15 22:32:09,C004,8.35,76.7,1.53
2026-07-15 22:32:11,C005,11.88,85.47,1.83
2026-07-15 22:32:13,C004,11.9,77.12,1.83
2026-07-15 22:32:15,C004,5.14,75.31,1.08
2026-07-15 22:32:17,C002,4.03,91.95,1.7
2026-07-15 22:32:19,C004,4.06,74.43,1.21
2026-07-15 22:32:21,C001,5.38,76.99,0.44
2026-07-15 22:32:23,C002,5.78,73.51,0.92
2026-07-15 22:32:25,C005,5.88,74.6,0.24
2026-07-15 22:32:27,C003,2.8,70.91,0.39
2026-07-15 22:32:29,C002,6.58,76.04,0.92
2026-07-15 22:32:31,C002,8.06,82.98,0.1
2026-07-15 22:32:33,C004,9.52,66.88,1.39
2026-07-15 22:32:35,C001,2.36,94.91,0.71
2026-07-15 22:32:37,C002,4.78,60.17,1.24
2026-07-15 22:32:39,C002,2.23,82.17,0.97
2026-07-15 22:32:41,C004,11.32,77.6,0.9
2026-07-15 22:32:43,C002,2.07,78.38,1.25
2026-07-15 22:32:45,C002,6.37,65.17,0.43
2026-07-15 22:32:47,C004,11.91,91.15,1.45
2026-07-15 22:32:49,C004,4.43,78.28,1.19
2026-07-15 22:32:51,C002,9.66,79.51,1.18
2026-07-15 22:32:53,C001,2.21,80.17,1.0
2026-07-15 22:32:55,C005,5.27,75.28,1.3
2026-07-15 22:32:57,C005,2.22,91.43,1.93
2026-07-15 22:32:59,C002,4.9,80.54,0.48
2026-07-15 22:33:01,C002,8.27,66.69,0.83
2026-07-15 22:33:03,C002,8.51,71.41,1.2
2026-07-15 22:33:05,C005,6.38,68.64,0.23
2026-07-15 22:33:07,C003,11.87,91.93,1.25
2026-07-15 22:33:09,C003,10.13,89.58,1.27
2026-07-15 22:33:11,C002,3.79,92.08,1.77
2026-07-15 22:33:13,C002,4.92,65.46,0.75
2026-07-15 22:33:15,C005,3.8,74.37,1.39
2026-07-15 22:33:17,C003,7.98,84.28,1.72
2026-07-15 22:33:19,C005,8.75,74.84,1.93
2026-07-15 22:33:21,C004,4.42,90.39,0.79
2026-07-15 22:33:23,C001,9.9,82.35,0.78
2026-07-15 22:33:25,C005,2.71,89.88,1.07
2026-07-15 22:33:27,C001,7.93,90.29,1.37
2026-07-15 22:33:29,C002,10.53,70.16,1.88
2026-07-15 22:33:31,C001,4.44,90.17,0.12
2026-07-15 22:33:33,C001,10.71,66.46,1.91
2026-07-15 22:33:35,C002,3.54,72.06,1.21
2026-07-15 22:33:37,C002,9.36,93.87,1.91
2026-07-15 22:33:39,C002,9.36,68.29,1.42
2026-07-15 22:33:41,C001,6.49,74.04,0.53
2026-07-15 22:33:43,C004,7.14,91.17,0.63
2026-07-15 22:33:45,C005,9.08,86.11,0.9
2026-07-15 22:33:47,C004,9.72,69.78,0.55
2026-07-15 22:33:49,C005,11.94,92.36,0.88
2026-07-15 22:33:51,C005,10.73,94.05,0.98
2026-07-15 22:33:53,C005,10.3,84.6,1.51
2026-07-15 22:33:55,C002,5.58,79.85,1.25
2026-07-15 22:33:57,C002,9.55,91.29,2.0
2026-07-15 22:33:59,C004,9.34,86.75,0.21
2026-07-15 22:34:01,C002,11.33,65.36,0.47
2026-07-15 22:34:03,C004,6.37,70.91,1.84
2026-07-15 22:34:05,C005,3.51,70.84,0.49
2026-07-15 22:34:07,C005,11.76,75.14,0.72
2026-07-15 22:34:09,C004,10.29,93.06,0.46
2026-07-15 22:34:11,C003,6.29,64.39,1.38
2026-07-15 22:34:13,C005,8.08,73.42,0.33
2026-07-15 22:34:15,C002,2.65,68.57,1.12
2026-07-15 22:34:17,C004,5.2,72.84,0.16
2026-07-15 22:34:19,C004,8.69,72.24,0.71
2026-07-15 22:34:21,C002,9.48,83.91,1.15
2026-07-15 22:34:23,C001,3.39,69.12,0.51
2026-07-15 22:34:25,C004,4.97,70.57,0.43
2026-07-15 22:34:27,C002,10.81,72.3,1.3
2026-07-15 22:34:29,C001,8.4,93.53,1.97
2026-07-15 22:34:31,C003,2.84,61.73,1.5
2026-07-15 22:34:33,C002,2.92,92.26,1.49
2026-07-15 22:34:35,C001,5.42,94.87,1.33
2026-07-15 22:34:37,C001,5.79,94.91,0.84
2026-07-15 22:34:39,C003,2.99,61.34,1.94
2026-07-15 22:34:41,C001,7.25,81.03,0.51
2026-07-15 22:34:43,C005,8.67,76.04,0.79
2026-07-15 22:34:45,C005,7.25,89.05,1.28
2026-07-15 22:34:47,C005,4.24,66.28,1.94
2026-07-15 22:34:49,C001,3.89,62.6,0.45
2026-07-15 22:34:51,C004,6.35,69.04,0.11
2026-07-15 22:34:53,C002,10.19,70.5,0.5
2026-07-15 22:34:55,C001,10.82,94.76,0.65
2026-07-15 22:34:57,C004,6.62,81.87,0.36
2026-07-15 22:34:59,C001,3.4,84.71,1.48
2026-07-15 22:35:01,C001,10.58,80.39,0.88
2026-07-15 22:35:03,C005,4.13,90.73,1.33
2026-07-15 22:35:05,C001,6.25,64.14,0.41
2026-07-15 22:35:07,C004,4.35,77.1,1.61
2026-07-15 22:35:09,C003,11.07,92.21,0.6
2026-07-15 22:35:11,C004,10.48,94.82,1.22
2026-07-15 22:35:13,C005,8.31,70.41,0.97
2026-07-15 22:35:15,C003,5.11,66.65,1.32
2026-07-15 22:35:17,C001,7.29,91.0,0.36
2026-07-15 22:35:19,C003,7.77,60.46,0.46
2026-07-15 22:35:21,C002,6.69,76.62,1.41
2026-07-15 22:35:23,C001,9.22,73.35,0.58
2026-07-15 22:35:25,C003,5.04,63.34,0.31
2026-07-15 22:35:27,C002,5.53,65.49,0.44
2026-07-15 22:35:29,C003,3.36,77.75,1.66
2026-07-15 22:35:31,C002,3.82,60.88,1.73
2026-07-15 22:35:33,C003,7.28,69.44,0.6
2026-07-15 22:35:35,C002,11.61,89.4,1.99
2026-07-15 22:35:37,C002,9.45,63.03,0.83
2026-07-15 22:35:39,C002,2.4,86.95,0.69
2026-07-15 22:35:41,C004,11.22,84.6,1.51
2026-07-15 22:35:43,C004,3.69,67.69,1.45
2026-07-15 22:35:45,C001,5.31,91.95,0.53
2026-07-15 22:35:47,C004,9.78,89.33,0.51
2026-07-15 22:35:49,C005,3.16,60.92,0.37
2026-07-15 22:35:51,C003,10.92,78.38,1.37
2026-07-15 22:35:53,C002,4.19,71.91,0.45
2026-07-15 22:35:55,C003,9.28,71.9,0.19
2026-07-15 22:35:57,C004,3.95,76.13,0.25
2026-07-15 22:35:59,C004,9.21,63.07,1.79
2026-07-15 22:36:01,C002,6.25,61.95,1.84
2026-07-15 22:36:03,C001,3.59,60.93,1.42
2026-07-15 22:36:05,C005,4.92,86.06,0.66
2026-07-15 22:36:07,C005,10.85,76.14,0.23
2026-07-15 22:36:09,C001,8.95,84.3,0.67
2026-07-15 22:36:11,C001,3.36,86.97,1.63
2026-07-15 22:36:13,C002,6.23,75.82,1.62
2026-07-15 22:36:15,C001,9.45,86.24,1.27
2026-07-15 22:36:17,C005,11.87,80.86,0.7
2026-07-15 22:36:19,C001,9.28,87.52,1.55
2026-07-15 22:36:21,C001,5.77,89.27,1.07
2026-07-15 22:36:23,C001,2.61,78.87,1.14
2026-07-15 22:36:25,C002,5.59,60.53,1.87
2026-07-15 22:36:27,C005,10.34,85.23,1.35
2026-07-15 22:36:29,C005,11.45,73.14,0.82
2026-07-15 22:36:31,C005,4.02,91.82,1.32
2026-07-15 22:36:33,C001,2.61,85.92,0.12
2026-07-15 22:36:35,C003,9.16,87.95,0.48
2026-07-15 22:36:37,C003,9.29,66.7,0.72
2026-07-15 22:36:39,C003,8.37,72.76,1.21
2026-07-15 22:36:41,C005,2.32,75.4,0.18
2026-07-15 22:36:43,C003,8.29,65.17,1.22
2026-07-15 22:36:45,C003,6.26,88.53,1.11
2026-07-15 22:36:47,C002,5.55,63.12,1.04
2026-07-15 22:36:49,C002,11.5,82.3,1.74
2026-07-15 22:36:51,C003,6.16,60.12,1.06
2026-07-15 22:36:53,C004,6.66,83.37,0.85
2026-07-15 22:36:55,C005,4.35,82.99,0.83
2026-07-15 22:36:57,C004,2.88,68.6,1.23
2026-07-15 22:36:59,C004,11.58,69.56,1.31
2026-07-15 22:37:01,C005,5.98,84.43,1.35
2026-07-15 22:37:03,C003,8.28,80.38,0.93
2026-07-15 22:37:05,C001,4.01,60.08,1.96
2026-07-15 22:37:07,C001,3.95,77.82,1.2
2026-07-15 22:37:09,C001,3.84,65.12,1.29
2026-07-15 22:37:11,C001,3.09,88.08,1.02
2026-07-15 22:37:13,C001,8.16,69.81,1.27
2026-07-15 22:37:15,C005,7.18,90.83,0.71
2026-07-15 22:37:17,C005,2.12,91.28,0.6
2026-07-15 22:37:19,C002,8.59,88.28,1.09
2026-07-15 22:37:21,C003,10.81,63.16,1.5
2026-07-15 22:37:23,C001,9.71,78.22,1.34
2026-07-15 22:37:25,C001,7.14,88.85,1.06
2026-07-15 22:37:27,C003,7.93,70.19,0.95
2026-07-15 22:37:29,C005,3.26,81.61,1.59
2026-07-15 22:37:31,C001,11.21,79.54,1.54
2026-07-15 22:37:33,C005,2.5,89.62,0.17
2026-07-15 22:37:35,C005,4.53,71.77,1.15
2026-07-15 22:37:37,C002,8.84,94.51,0.67
2026-07-15 22:37:39,C003,3.69,78.63,0.36
2026-07-15 22:37:41,C001,10.59,89.25,0.29
2026-07-15 22:37:43,C005,11.5,61.81,1.49
2026-07-15 22:37:45,C004,8.74,61.45,1.35
2026-07-15 22:37:47,C005,3.7,85.03,0.18
2026-07-15 22:37:49,C002,4.77,83.76,0.64
2026-07-15 22:37:51,C005,8.38,60.58,1.7
2026-07-15 22:37:53,C004,10.35,78.05,0.81
2026-07-15 22:37:55,C001,4.81,87.81,0.86
2026-07-15 22:37:57,C003,5.36,65.87,1.25
2026-07-15 22:37:59,C003,4.52,78.78,0.26
2026-07-15 22:38:01,C005,9.59,65.55,0.8
2026-07-15 22:38:03,C001,9.84,75.67,1.28
2026-07-15 22:38:05,C001,7.24,75.58,1.75
2026-07-15 22:38:07,C002,4.32,79.89,1.32
2026-07-15 22:38:09,C003,4.08,60.04,1.78
2026-07-15 22:38:11,C001,3.98,61.3,0.38
2026-07-15 22:38:13,C005,7.05,66.15,0.18
2026-07-15 22:38:15,C005,11.65,84.89,1.13
2026-07-15 22:38:17,C004,2.89,92.82,1.03
2026-07-15 22:38:19,C001,5.7,87.25,1.26
2026-07-15 22:38:21,C002,3.28,70.53,0.85
2026-07-15 22:38:23,C001,7.44,62.8,0.32
2026-07-15 22:38:25,C001,6.98,84.83,0.48
2026-07-15 22:38:27,C004,5.83,85.29,1.26
2026-07-15 22:38:29,C004,7.2,62.09,1.63
2026-07-15 22:38:31,C003,10.61,92.64,1.95
2026-07-15 22:38:33,C003,8.02,73.39,1.67
2026-07-15 22:38:35,C005,3.24,82.08,1.88
2026-07-15 22:38:37,C002,3.15,87.11,0.27
2026-07-15 22:38:39,C004,10.21,77.98,0.69
2026-07-15 22:38:41,C005,6.19,78.15,1.17
2026-07-15 22:38:43,C002,8.22,73.42,1.58
2026-07-15 22:38:45,C005,11.24,88.57,1.33
2026-07-15 22:38:47,C005,11.92,81.83,1.22
2026-07-15 22:38:49,C005,6.99,92.47,1.46
2026-07-15 22:38:51,C005,2.44,81.29,1.19
2026-07-15 22:38:53,C001,3.58,68.69,1.16
2026-07-15 22:38:55,C001,2.59,93.78,0.63
2026-07-15 22:38:57,C001,7.76,69.37,0.22
2026-07-15 22:38:59,C004,11.38,72.22,0.36
2026-07-15 22:39:01,C005,11.93,74.63,1.97
2026-07-15 22:39:03,C002,8.59,62.62,0.62
2026-07-15 22:39:05,C005,2.87,61.01,0.22
2026-07-15 22:39:07,C005,10.92,90.46,0.74
2026-07-15 22:39:09,C002,9.55,81.86,1.06
2026-07-15 22:39:11,C005,7.73,62.96,0.41
2026-07-15 22:39:13,C002,5.08,66.16,1.6
2026-07-15 22:39:15,C003,4.5,73.51,0.31
2026-07-15 22:39:17,C004,4.23,77.14,1.64
2026-07-15 22:39:19,C004,10.63,87.7,0.69
2026-07-15 22:39:21,C002,5.92,90.88,0.16
2026-07-15 22:39:23,C002,8.96,92.24,0.61
2026-07-15 22:39:25,C003,5.51,84.77,0.49
2026-07-15 22:39:27,C004,11.4,69.59,0.85
2026-07-15 22:39:29,C003,9.57,79.6,1.62
2026-07-15 22:39:31,C004,11.22,63.56,0.52
2026-07-15 22:39:33,C005,2.39,86.43,0.62
2026-07-15 22:39:35,C003,4.27,80.95,0.68
2026-07-15 22:39:37,C002,5.94,80.31,0.12
2026-07-15 22:39:39,C003,2.04,85.86,0.79
2026-07-15 22:39:41,C003,10.8,90.15,0.18
2026-07-15 22:39:43,C002,5.78,80.02,0.95
2026-07-15 22:39:45,C005,7.44,92.25,1.77
2026-07-15 22:39:47,C002,7.74,77.18,0.67
2026-07-15 22:39:49,C005,8.97,60.55,1.0
2026-07-15 22:39:51,C003,6.59,88.23,1.11
2026-07-15 22:39:53,C005,11.85,81.17,1.69
2026-07-15 22:39:55,C001,9.13,86.82,1.66
2026-07-15 22:39:57,C003,9.66,85.44,0.6
2026-07-15 22:39:59,C002,10.61,89.28,0.21
2026-07-15 22:40:01,C004,6.12,78.95,1.46
2026-07-15 22:40:03,C003,10.69,87.65,0.57
2026-07-15 22:40:05,C003,3.79,70.55,1.74
2026-07-15 22:40:07,C005,2.39,86.35,0.3
2026-07-15 22:40:09,C002,10.37,83.82,1.41
2026-07-15 22:40:11,C002,9.87,91.76,0.83
2026-07-15 22:40:13,C002,9.51,63.64,1.29
2026-07-15 22:40:15,C002,8.33,75.31,0.31
2026-07-15 22:40:17,C002,3.41,79.25,1.69
2026-07-15 22:40:19,C002,6.65,84.54,1.95
2026-07-15 22:40:21,C004,8.25,92.17,1.5
2026-07-15 22:40:23,C001,7.14,82.28,1.85
2026-07-15 22:40:25,C001,9.92,88.57,0.3
2026-07-15 22:40:27,C001,5.18,83.7,0.89
2026-07-15 22:40:29,C005,6.48,60.96,0.5
2026-07-15 22:40:31,C004,9.26,94.94,0.78
2026-07-15 22:40:33,C002,11.67,87.74,1.77
2026-07-15 22:40:35,C003,5.71,88.69,1.57
2026-07-15 22:40:37,C004,11.62,81.61,1.0
2026-07-15 22:40:39,C005,9.54,85.24,0.1
2026-07-15 22:40:41,C005,11.99,90.28,0.61
2026-07-15 22:40:43,C004,10.54,72.32,0.82
2026-07-15 22:40:45,C001,8.18,87.54,0.23
2026-07-15 22:40:47,C005,11.23,91.58,0.69
2026-07-15 22:40:49,C002,4.21,65.7,1.64
2026-07-15 22:40:51,C002,4.9,69.09,1.37
2026-07-15 22:40:53,C004,9.56,84.51,0.66
2026-07-15 22:40:55,C001,4.99,85.26,0.66
2026-07-15 22:40:57,C001,10.24,79.66,0.66
2026-07-15 22:40:59,C003,3.49,78.8,1.61
2026-07-15 22:41:01,C002,7.4,60.76,1.59
2026-07-15 22:41:03,C003,6.15,87.54,0.19
2026-07-15 22:41:05,C001,5.2,69.4,0.69
2026-07-15 22:41:07,C002,3.04,76.0,0.71
2026-07-15 22:41:09,C002,5.94,81.26,0.36
2026-07-15 22:41:11,C003,6.03,61.96,1.75
2026-07-15 22:41:13,C001,9.85,63.7,1.78
2026-07-15 22:41:15,C002,10.65,80.09,1.34
2026-07-15 22:41:17,C005,3.27,74.29,0.73
2026-07-15 22:41:19,C002,9.99,65.83,0.91
2026-07-15 22:41:21,C003,3.94,74.02,1.91
2026-07-15 22:41:23,C005,2.54,93.12,0.86
2026-07-15 22:41:25,C001,5.58,67.53,1.02
2026-07-15 22:41:27,C002,11.85,62.81,0.28
2026-07-15 22:41:29,C004,7.69,64.09,0.83
2026-07-15 22:41:31,C005,10.95,82.26,0.87
2026-07-15 22:41:33,C002,6.87,93.53,1.16
2026-07-15 22:41:35,C001,7.22,74.49,1.28
2026-07-15 22:41:37,C002,9.23,89.13,0.67
2026-07-15 22:41:39,C004,8.91,85.42,0.94
2026-07-15 22:41:41,C004,8.81,65.53,0.18
2026-07-15 22:41:43,C004,3.54,64.28,1.02
2026-07-15 22:41:45,C004,9.16,91.07,1.61
2026-07-15 22:41:47,C003,7.67,79.3,1.8
2026-07-15 22:41:49,C003,10.31,81.75,0.37
2026-07-15 22:41:51,C005,9.35,92.26,1.8
2026-07-15 22:41:53,C004,2.94,94.5,0.2
2026-07-15 22:41:55,C004,6.34,84.95,1.75
2026-07-15 22:41:57,C004,4.8,84.38,1.79
2026-07-15 22:41:59,C003,4.18,70.27,1.72
2026-07-15 22:42:01,C003,7.7,89.94,0.96
2026-07-15 22:42:03,C001,5.78,71.92,0.76
2026-07-15 22:42:05,C001,7.4,94.27,1.06
2026-07-15 22:42:07,C002,10.7,74.08,1.81
2026-07-15 22:42:09,C003,9.56,87.78,1.67
2026-07-15 22:42:11,C003,11.1,85.71,0.94
2026-07-15 22:42:13,C001,6.66,86.74,0.79
2026-07-15 22:42:15,C002,9.4,92.8,1.53
2026-07-15 22:42:17,C004,5.53,81.38,0.48
2026-07-15 22:42:19,C003,2.39,78.05,0.26
2026-07-15 22:42:21,C002,11.31,72.38,1.61
2026-07-15 22:42:23,C005,4.01,83.5,0.31
2026-07-15 22:42:25,C003,7.8,61.22,0.9
2026-07-15 22:42:27,C001,10.13,62.51,0.49
2026-07-15 22:42:29,C003,4.06,94.61,1.31
2026-07-15 22:42:31,C003,8.95,94.09,0.32
2026-07-15 22:42:33,C004,10.73,76.46,0.16
2026-07-15 22:42:35,C005,7.82,84.51,1.4
2026-07-15 22:42:37,C001,2.78,62.94,1.33
2026-07-15 22:42:39,C005,4.02,84.12,0.32
2026-07-15 22:42:41,C001,9.09,60.91,0.76
2026-07-15 22:42:43,C004,9.26,74.52,0.7
2026-07-15 22:42:45,C002,9.88,77.69,1.61
2026-07-15 22:42:47,C003,9.63,76.38,1.55
2026-07-15 22:42:49,C002,9.8,76.28,0.7
2026-07-15 22:42:51,C005,6.05,65.4,0.45
2026-07-15 22:42:53,C004,4.86,75.18,1.59
2026-07-15 22:42:55,C001,8.32,81.28,1.61
2026-07-15 22:42:57,C002,5.31,94.25,1.9
2026-07-15 22:42:59,C004,3.47,84.27,1.71
2026-07-15 22:43:01,C004,4.13,87.18,0.74
2026-07-15 22:43:03,C002,8.56,79.51,0.23
2026-07-15 22:43:05,C005,10.32,65.31,0.35
2026-07-15 22:43:07,C004,4.24,90.76,0.58
2026-07-15 22:43:09,C004,11.48,76.71,0.35
2026-07-15 22:43:11,C004,9.15,62.57,1.81
2026-07-15 22:43:13,C005,10.19,91.5,1.62
2026-07-15 22:43:15,C004,10.82,70.19,1.81
2026-07-15 22:43:17,C002,8.36,75.02,0.8
2026-07-15 22:43:19,C001,7.95,61.79,1.43
2026-07-15 22:43:21,C005,9.8,71.47,0.24
2026-07-15 22:43:23,C002,5.95,84.72,1.52
2026-07-15 22:43:25,C001,9.11,85.02,1.29
2026-07-15 22:43:27,C002,4.55,69.63,1.37
2026-07-15 22:43:29,C001,11.59,69.5,0.91
2026-07-15 22:43:31,C003,8.56,61.39,0.69
2026-07-15 22:43:33,C003,3.23,89.12,1.33
2026-07-15 22:43:35,C002,5.68,65.25,1.45
2026-07-15 22:43:37,C003,3.25,70.82,0.98
2026-07-15 22:43:39,C002,8.01,76.15,0.7
2026-07-15 22:43:41,C004,3.13,65.01,1.82
2026-07-15 22:43:43,C001,3.99,69.83,0.1
2026-07-15 22:43:45,C003,8.05,76.2,0.72
2026-07-15 22:43:47,C002,10.98,88.34,1.7
2026-07-15 22:43:49,C003,7.04,60.22,1.16
2026-07-15 22:43:51,C002,10.98,92.61,0.13
2026-07-15 22:43:53,C003,9.71,86.13,1.42
2026-07-15 22:43:55,C004,8.58,68.16,1.01
2026-07-15 22:43:57,C002,8.49,67.98,0.38
2026-07-15 22:43:59,C002,9.29,86.53,1.29
2026-07-15 22:44:01,C003,8.81,74.85,0.18
2026-07-15 22:44:03,C003,8.07,89.21,0.93
2026-07-15 22:44:05,C001,3.88,69.53,1.37
2026-07-15 22:44:07,C003,11.89,64.77,1.57
2026-07-15 22:44:09,C005,2.24,83.06,0.63
2026-07-15 22:44:11,C001,3.34,77.01,0.63
2026-07-15 22:44:13,C001,3.44,77.56,0.74
2026-07-15 22:44:15,C004,9.23,83.28,0.98
2026-07-15 22:44:17,C005,2.97,87.27,0.2
2026-07-15 22:44:19,C002,2.79,82.59,0.26
2026-07-15 22:44:21,C001,2.01,87.96,0.16
2026-07-15 22:44:23,C002,8.52,82.8,0.78
2026-07-15 22:44:25,C005,8.99,70.1,1.81
2026-07-15 22:44:27,C004,8.22,84.33,1.93
2026-07-15 22:44:29,C003,7.55,85.12,0.35
2026-07-15 22:44:31,C004,7.56,88.26,0.17
2026-07-15 22:44:33,C004,10.85,81.22,0.71
2026-07-15 22:44:35,C004,11.88,93.87,0.11
2026-07-15 22:44:37,C001,5.01,68.85,1.04
2026-07-15 22:44:39,C003,7.74,80.13,1.61
2026-07-15 22:44:41,C002,8.42,91.46,0.78
2026-07-15 22:44:43,C001,10.87,89.57,1.87
2026-07-15 22:44:45,C005,10.1,86.15,0.25
2026-07-15 22:44:47,C003,8.41,76.72,1.38
2026-07-15 22:44:49,C004,3.12,60.9,1.29
2026-07-15 22:44:51,C002,4.31,68.27,1.5
2026-07-15 22:44:53,C004,10.19,68.68,0.61
2026-07-15 22:44:55,C001,6.62,93.58,1.86
2026-07-15 22:44:57,C002,5.22,65.07,1.55
2026-07-15 22:44:59,C003,7.3,93.31,1.76
2026-07-15 22:45:01,C005,8.16,71.16,0.24
2026-07-15 22:45:03,C004,9.07,77.67,1.87
2026-07-15 22:45:05,C002,2.07,87.16,1.83
2026-07-15 22:45:07,C001,10.3,81.63,1.21
2026-07-15 22:45:09,C005,8.32,68.53,1.72
2026-07-15 22:45:11,C004,9.3,62.36,1.4
2026-07-15 22:45:13,C003,11.26,61.11,1.51
2026-07-15 22:45:15,C003,10.49,68.8,0.33
2026-07-15 22:45:17,C001,4.67,71.42,0.52
2026-07-15 22:45:19,C005,4.38,93.36,0.61
2026-07-15 22:45:21,C001,2.21,82.31,0.67
2026-07-15 22:45:23,C003,3.02,65.29,1.86
2026-07-15 22:45:25,C001,11.8,70.0,0.32
2026-07-15 22:45:27,C005,2.35,79.25,0.89
2026-07-15 22:45:29,C004,6.31,92.98,0.38
2026-07-15 22:45:31,C003,10.29,69.42,1.16
2026-07-15 22:45:33,C002,5.38,64.52,0.4
2026-07-15 22:45:35,C002,10.27,70.87,1.68
2026-07-15 22:45:37,C003,11.74,69.76,1.15
2026-07-15 22:45:39,C003,4.71,61.98,0.1
2026-07-15 22:45:41,C002,4.27,92.7,1.45
2026-07-15 22:45:43,C002,10.53,63.23,1.81
2026-07-15 22:45:45,C001,6.57,89.55,1.41
2026-07-15 22:45:47,C004,6.44,91.9,0.98
2026-07-15 22:45:49,C004,7.07,70.33,0.47
2026-07-15 22:45:51,C004,10.57,79.23,0.78
2026-07-15 22:45:53,C001,8.06,89.95,0.33
2026-07-15 22:45:55,C005,10.8,69.18,1.06
2026-07-15 22:45:57,C004,10.89,90.98,0.76
2026-07-15 22:45:59,C002,9.44,71.82,1.26
2026-07-15 22:46:01,C001,9.46,72.64,1.75
2026-07-15 22:46:03,C003,2.53,91.2,1.66
2026-07-15 22:46:05,C002,11.37,83.97,1.26
2026-07-15 22:46:07,C004,6.55,86.7,0.6
2026-07-15 22:46:09,C001,5.74,61.2,0.88
2026-07-15 22:46:11,C001,8.17,60.63,0.71
2026-07-15 22:46:13,C004,2.8,68.68,0.76
2026-07-15 22:46:15,C004,8.26,70.18,1.15
2026-07-15 22:46:17,C002,11.78,90.57,1.8
2026-07-15 22:46:19,C003,3.28,74.27,1.73
2026-07-15 22:46:21,C002,4.33,77.55,1.69
2026-07-15 22:46:23,C002,11.11,70.21,1.19
2026-07-15 22:46:25,C001,7.14,82.1,0.68
2026-07-15 22:46:27,C002,6.51,75.53,0.71
2026-07-15 22:46:29,C004,4.45,60.66,1.56
2026-07-15 22:46:31,C005,11.78,67.6,0.19
2026-07-15 22:46:33,C003,11.27,64.62,0.62
2026-07-15 22:46:35,C004,4.58,92.81,1.38
2026-07-15 22:46:37,C003,9.6,60.01,0.23
2026-07-15 22:46:39,C003,11.11,69.83,0.96
2026-07-15 22:46:41,C002,3.56,76.74,1.59
2026-07-15 22:46:43,C005,4.29,81.91,0.18
2026-07-15 22:46:45,C004,4.17,89.72,0.39
2026-07-15 22:46:47,C001,11.53,73.7,1.04
2026-07-15 22:46:49,C002,5.71,80.55,1.23
2026-07-15 22:46:51,C001,11.59,69.72,1.03
2026-07-15 22:46:53,C005,5.72,79.35,0.72
2026-07-15 22:46:55,C004,5.66,93.88,1.73
2026-07-15 22:46:57,C002,5.29,82.46,1.14
2026-07-15 22:46:59,C003,5.02,75.6,1.8
2026-07-15 22:47:01,C002,9.91,84.47,0.2
2026-07-15 22:47:03,C002,6.12,74.18,0.28
2026-07-15 22:47:05,C003,10.99,63.11,0.41
2026-07-15 22:47:07,C004,5.51,85.01,1.5
2026-07-15 22:47:09,C001,10.94,62.9,1.95
2026-07-15 22:47:11,C001,8.94,69.93,0.33
2026-07-15 22:47:13,C004,5.14,66.53,0.58
2026-07-15 22:47:15,C001,9.4,74.99,1.91
2026-07-15 22:47:17,C004,6.38,64.9,1.33
2026-07-15 22:47:19,C003,9.4,85.96,0.84
2026-07-15 22:47:21,C003,10.59,83.08,0.19
2026-07-15 22:47:23,C004,7.9,88.36,1.93
2026-07-15 22:47:25,C001,3.94,90.12,1.17
2026-07-15 22:47:27,C002,5.92,75.51,0.8
2026-07-15 22:47:29,C002,5.33,70.04,1.27
2026-07-15 22:47:31,C005,3.63,74.55,0.73
2026-07-15 22:47:33,C004,10.74,65.9,1.46
2026-07-15 22:47:35,C002,6.57,78.74,1.01
2026-07-15 22:47:37,C003,2.31,73.09,0.62
2026-07-15 22:47:39,C003,4.82,63.79,1.57
2026-07-15 22:47:41,C002,6.55,94.46,0.28
2026-07-15 22:47:43,C005,2.53,89.62,1.37
2026-07-15 22:47:45,C003,6.37,83.75,0.28
2026-07-15 22:47:47,C003,3.9,83.4,1.75
2026-07-15 22:47:49,C003,2.38,64.56,1.59
2026-07-15 22:47:51,C002,3.82,64.74,1.94
2026-07-15 22:47:53,C002,8.02,74.12,1.82
2026-07-15 22:47:55,C005,10.0,75.7,0.63
2026-07-15 22:47:57,C002,3.81,62.27,0.99
2026-07-15 22:47:59,C003,7.56,91.88,0.92
2026-07-15 22:48:01,C004,3.81,90.0,0.59
2026-07-15 22:48:03,C003,11.13,63.84,1.01
2026-07-15 22:48:05,C001,6.88,84.29,0.93
2026-07-15 22:48:07,C001,3.18,84.09,0.11
2026-07-15 22:48:09,C001,2.28,70.96,0.59
2026-07-15 22:48:11,C004,3.6,89.47,1.4
2026-07-15 22:48:13,C005,7.31,89.54,0.34
2026-07-15 22:48:15,C001,6.12,90.41,1.88
2026-07-15 22:48:17,C004,3.12,62.22,1.41
2026-07-15 22:48:19,C001,9.25,80.2,0.23
2026-07-15 22:48:21,C003,3.22,87.4,0.44
2026-07-15 22:48:23,C002,3.12,64.22,0.12
2026-07-15 22:48:25,C002,7.69,70.15,0.8
2026-07-15 22:48:27,C002,6.13,75.75,0.65
2026-07-15 22:48:29,C003,5.37,74.04,1.4
2026-07-15 22:48:31,C003,4.66,93.86,0.54
2026-07-15 22:48:33,C002,7.76,79.21,1.13
2026-07-15 22:48:35,C005,11.53,67.08,1.36
2026-07-15 22:48:37,C004,11.32,64.53,0.56
2026-07-15 22:48:39,C004,9.91,76.0,0.52
2026-07-15 22:48:41,C001,2.15,82.56,0.34
2026-07-15 22:48:43,C002,4.1,67.56,1.6
2026-07-15 22:48:45,C004,2.75,79.08,1.96
2026-07-15 22:48:47,C004,8.01,67.04,0.36
2026-07-15 22:48:49,C004,7.62,73.58,1.24
2026-07-15 22:48:51,C003,8.88,72.08,1.17
2026-07-15 22:48:53,C003,10.41,68.78,1.38
2026-07-15 22:48:55,C002,11.34,72.08,0.35
2026-07-15 22:48:57,C004,2.56,71.3,0.18
2026-07-15 22:48:59,C001,11.83,71.96,1.6
2026-07-15 22:49:01,C004,9.77,88.94,1.98
2026-07-15 22:49:03,C003,8.8,80.41,0.51
2026-07-15 22:49:05,C002,9.01,60.83,1.09
2026-07-15 22:49:07,C002,7.77,79.71,1.16
2026-07-15 22:49:09,C001,2.48,80.28,0.8
2026-07-15 22:49:11,C003,2.71,94.72,1.09
2026-07-15 22:49:13,C001,7.64,89.23,0.33
2026-07-15 22:49:15,C001,7.2,64.37,1.68
2026-07-15 22:49:17,C002,9.37,79.85,1.91
2026-07-15 22:49:19,C002,5.32,75.36,0.98
2026-07-15 22:49:21,C001,2.94,89.67,1.54
2026-07-15 22:49:23,C004,11.55,93.07,0.77
2026-07-15 22:49:25,C004,9.74,93.04,1.14
2026-07-15 22:49:27,C003,6.73,74.14,1.04
2026-07-15 22:49:29,C004,5.3,62.01,1.66
2026-07-15 22:49:31,C002,7.69,91.19,0.69
2026-07-15 22:49:33,C004,6.49,88.27,0.93
2026-07-15 22:49:35,C003,8.4,73.44,0.68
2026-07-15 22:49:37,C004,4.62,67.46,0.92
2026-07-15 22:49:39,C001,7.11,91.77,1.61
2026-07-15 22:49:41,C003,5.09,81.84,0.39
2026-07-15 22:49:43,C004,8.61,81.12,1.12
2026-07-15 22:49:45,C003,5.55,77.34,1.29
2026-07-15 22:49:47,C005,6.36,94.99,0.18
2026-07-15 22:49:49,C002,3.1,90.56,1.93
2026-07-15 22:49:51,C001,3.42,88.97,1.25
2026-07-15 22:49:53,C005,9.27,91.12,0.8
2026-07-15 22:49:55,C004,8.08,80.04,0.19
2026-07-15 22:49:57,C005,7.81,91.19,0.51
2026-07-15 22:49:59,C002,10.91,74.6,1.53
2026-07-15 22:50:01,C001,2.57,76.61,0.49
2026-07-15 22:50:03,C005,10.15,89.38,1.68
2026-07-15 22:50:05,C003,8.78,85.53,0.17
2026-07-15 22:50:07,C001,2.59,83.38,1.47
2026-07-15 22:50:09,C005,11.99,77.98,0.4
2026-07-15 22:50:11,C001,5.27,64.13,0.57
2026-07-15 22:50:13,C001,6.26,66.63,0.42
2026-07-15 22:50:15,C003,4.8,81.07,0.55
2026-07-15 22:50:17,C004,10.97,86.56,1.87
2026-07-15 22:50:19,C004,3.26,67.54,0.48
2026-07-15 22:50:21,C003,2.64,72.76,0.7
2026-07-15 22:50:23,C002,4.35,72.11,1.65
2026-07-15 22:50:25,C003,4.55,91.05,0.42
2026-07-15 22:50:27,C005,7.19,83.83,0.48
2026-07-15 22:50:29,C003,4.67,63.51,0.71
2026-07-15 22:50:31,C005,4.57,92.58,0.45
2026-07-15 22:50:33,C005,6.35,68.26,1.84
2026-07-15 22:50:35,C005,3.06,68.78,1.48
2026-07-15 22:50:37,C005,5.06,92.07,1.77
2026-07-15 22:50:39,C005,4.81,71.51,1.74
2026-07-15 22:50:41,C001,7.97,64.17,1.04
2026-07-15 22:50:43,C003,2.55,78.63,0.51
2026-07-15 22:50:45,C001,9.49,64.42,0.59
2026-07-15 22:50:47,C005,2.84,76.44,1.21
2026-07-15 22:50:49,C002,11.76,60.4,1.28
2026-07-15 22:50:51,C004,5.76,75.32,0.29
2026-07-15 22:50:53,C005,4.86,90.27,1.47
2026-07-15 22:50:55,C003,8.76,78.29,0.23
2026-07-15 22:50:57,C003,11.15,91.53,0.35
2026-07-15 22:50:59,C004,9.51,76.85,1.83
2026-07-15 22:51:01,C004,11.98,66.67,1.68
2026-07-15 22:51:03,C003,7.48,71.51,1.26
2026-07-15 22:51:05,C001,11.68,76.33,0.24
2026-07-15 22:51:07,C001,10.33,83.0,0.26
2026-07-15 22:51:09,C003,11.05,64.49,1.05
2026-07-15 22:51:11,C003,4.61,69.73,0.93
2026-07-15 22:51:13,C003,9.41,87.74,1.84
2026-07-15 22:51:15,C003,6.0,70.76,1.19
2026-07-15 22:51:17,C004,2.72,82.75,0.83
2026-07-15 22:51:19,C002,4.24,84.16,1.84
2026-07-15 22:51:21,C001,2.51,87.34,0.18
2026-07-15 22:51:23,C005,7.84,94.04,1.39
2026-07-15 22:51:25,C003,3.31,72.0,0.51
2026-07-15 22:51:27,C004,11.9,71.74,1.42
2026-07-15 22:51:29,C005,6.2,89.9,1.97
2026-07-15 22:51:31,C001,3.61,72.53,0.51
2026-07-15 22:51:33,C001,6.1,61.36,0.29
2026-07-15 22:51:35,C001,2.69,77.69,1.74
2026-07-15 22:51:37,C005,2.28,62.03,0.78
2026-07-15 22:51:39,C005,4.79,85.39,0.82
2026-07-15 22:51:41,C003,4.27,71.92,0.26
2026-07-15 22:51:43,C004,10.26,77.96,1.93
2026-07-15 22:51:45,C005,8.98,76.71,1.74
2026-07-15 22:51:47,C005,5.65,88.19,1.34
2026-07-15 22:51:49,C005,5.62,67.92,1.74
2026-07-15 22:51:51,C005,11.92,65.19,1.56
2026-07-15 22:51:53,C002,8.93,88.47,1.08
2026-07-15 22:51:55,C003,9.21,68.38,1.88
2026-07-15 22:51:57,C001,3.91,72.09,0.97
2026-07-15 22:51:59,C004,9.73,63.85,1.37
2026-07-15 22:52:01,C003,5.9,66.94,1.33
2026-07-15 22:52:03,C005,7.61,83.39,1.01
2026-07-15 22:52:05,C003,11.84,77.34,1.76
2026-07-15 22:52:07,C004,2.58,82.17,0.51
2026-07-15 22:52:09,C003,11.0,82.89,0.68
2026-07-15 22:52:11,C003,9.59,84.44,1.71
2026-07-15 22:52:13,C005,7.91,68.39,1.76
2026-07-15 22:52:15,C005,9.5,67.77,0.94
2026-07-15 22:52:17,C004,11.77,92.41,1.98
2026-07-15 22:52:19,C003,3.01,77.6,1.43
2026-07-15 22:52:21,C005,4.8,73.58,1.9
2026-07-15 22:52:23,C004,8.59,66.57,1.05
2026-07-15 22:52:25,C001,11.54,61.7,1.34
2026-07-15 22:52:27,C004,7.5,92.54,1.14
2026-07-15 22:52:29,C001,5.54,62.49,1.52
2026-07-15 22:52:31,C003,8.08,76.3,1.14
2026-07-15 22:52:33,C001,7.84,87.32,0.65
2026-07-15 22:52:35,C001,5.99,94.76,0.15
2026-07-15 22:52:37,C001,9.4,60.33,0.97
2026-07-15 22:52:39,C001,8.87,63.22,0.74
2026-07-15 22:52:41,C004,7.51,86.94,0.53
2026-07-15 22:52:43,C004,6.46,69.52,1.79
2026-07-15 22:52:45,C005,4.74,65.96,0.58
2026-07-15 22:52:47,C003,8.23,88.47,1.63
2026-07-15 22:52:49,C003,4.41,85.02,0.69
2026-07-15 22:52:51,C004,5.39,91.19,0.52
2026-07-15 22:52:53,C001,2.56,70.58,1.36
2026-07-15 22:52:55,C002,10.02,78.54,1.84
2026-07-15 22:52:57,C002,9.85,91.84,0.54
2026-07-15 22:52:59,C002,2.12,87.03,1.86
2026-07-15 22:53:01,C004,5.31,74.01,0.4
2026-07-15 22:53:03,C004,5.69,63.24,0.69
2026-07-15 22:53:05,C003,11.55,85.83,0.59
2026-07-15 22:53:07,C001,6.2,92.02,1.18
2026-07-15 22:53:09,C002,3.96,61.35,1.5
2026-07-15 22:53:11,C002,10.74,90.25,0.48
2026-07-15 22:53:13,C001,10.73,72.17,1.76
2026-07-15 22:53:15,C005,3.18,60.16,1.11
2026-07-15 22:53:17,C001,2.15,81.74,0.17
2026-07-15 22:53:19,C005,8.82,66.7,0.36
2026-07-15 22:53:21,C001,8.88,83.42,1.33
2026-07-15 22:53:23,C002,5.25,68.52,0.48
2026-07-15 22:53:25,C002,4.4,64.46,0.78
2026-07-15 22:53:27,C005,3.74,61.98,1.24
2026-07-15 22:53:29,C002,10.18,78.68,0.68
2026-07-15 22:53:31,C003,2.77,61.28,1.37
2026-07-15 22:53:33,C002,5.61,88.3,0.97
2026-07-15 22:53:35,C005,8.54,76.6,1.15
2026-07-15 22:53:37,C002,5.04,79.72,1.69
2026-07-15 22:53:39,C003,6.41,91.48,1.93
2026-07-15 22:53:41,C002,6.23,82.77,1.63
2026-07-15 22:53:43,C004,4.31,60.14,0.12
2026-07-15 22:53:45,C001,4.76,74.44,1.1
2026-07-15 22:53:47,C003,3.94,76.75,1.29
2026-07-15 22:53:49,C004,4.36,63.48,1.87
2026-07-15 22:53:51,C004,7.15,83.7,0.46
2026-07-15 22:53:53,C001,7.2,84.9,1.99
2026-07-15 22:53:55,C003,2.67,68.65,0.71
2026-07-15 22:53:57,C001,2.28,61.23,1.91
2026-07-15 22:53:59,C005,3.52,94.05,1.72
2026-07-15 22:54:01,C001,5.39,91.61,1.6
2026-07-15 22:54:03,C004,2.01,87.12,0.21
2026-07-15 22:54:05,C004,3.4,94.15,1.97
2026-07-15 22:54:07,C004,8.83,77.41,1.6
2026-07-15 22:54:09,C004,3.07,69.42,1.66
2026-07-15 22:54:11,C005,4.5,67.24,1.37
2026-07-15 22:54:13,C001,6.65,77.39,1.91
2026-07-15 22:54:15,C001,8.72,89.46,1.93
2026-07-15 22:54:17,C004,2.25,91.66,1.45
2026-07-15 22:54:19,C001,4.94,81.12,0.43
2026-07-15 22:54:21,C003,5.19,60.5,0.73
2026-07-15 22:54:23,C001,10.88,77.38,0.28
2026-07-15 22:54:25,C005,2.16,80.49,0.25
2026-07-15 22:54:27,C001,5.96,92.57,0.13
2026-07-15 22:54:29,C005,4.72,73.44,1.36
2026-07-15 22:54:31,C005,4.27,81.33,0.94
2026-07-15 22:54:33,C005,10.26,67.82,1.53
2026-07-15 22:54:35,C005,6.39,64.72,1.47
2026-07-15 22:54:37,C005,8.99,85.24,1.59
2026-07-15 22:54:39,C003,5.18,75.93,1.33
2026-07-15 22:54:41,C001,2.03,90.67,1.89
2026-07-15 22:54:43,C003,8.31,89.18,1.81
2026-07-15 22:54:45,C002,11.56,72.24,1.8
2026-07-15 22:54:47,C002,10.0,75.82,1.17
2026-07-15 22:54:49,C001,6.67,89.1,1.83
2026-07-15 22:54:51,C004,8.01,65.57,0.85
2026-07-15 22:54:53,C002,2.07,73.97,0.32
2026-07-15 22:54:55,C004,3.26,78.99,1.56
2026-07-15 22:54:57,C003,6.15,83.68,0.98
2026-07-15 22:54:59,C005,10.59,74.43,0.14
2026-07-15 22:55:01,C003,8.5,91.57,0.7
2026-07-15 22:55:03,C004,10.82,67.94,0.99
2026-07-15 22:55:05,C001,4.77,72.58,1.83
2026-07-15 22:55:07,C004,3.36,64.72,0.79
2026-07-15 22:55:09,C004,4.52,76.1,1.97
2026-07-15 22:55:11,C004,6.68,89.52,1.63
2026-07-15 22:55:13,C003,8.13,89.94,1.16
2026-07-15 22:55:15,C005,5.1,80.3,1.25
2026-07-15 22:55:17,C003,3.81,64.0,0.73
2026-07-15 22:55:19,C003,3.63,69.22,0.95
2026-07-15 22:55:21,C004,9.13,62.42,0.46
2026-07-15 22:55:23,C001,6.46,61.9,0.14
2026-07-15 22:55:25,C005,6.14,80.67,0.56
2026-07-15 22:55:27,C002,10.74,85.21,1.34
2026-07-15 22:55:29,C001,8.81,65.45,1.96
2026-07-15 22:55:31,C003,9.94,91.31,1.52
2026-07-15 22:55:33,C001,11.4,76.44,1.02
2026-07-15 22:55:35,C005,9.73,87.31,1.92
2026-07-15 22:55:37,C004,7.03,78.2,1.18
2026-07-15 22:55:39,C004,9.73,67.03,1.12
2026-07-15 22:55:41,C001,3.3,88.42,1.96
2026-07-15 22:55:43,C002,7.67,94.15,0.56
2026-07-15 22:55:45,C004,11.07,78.2,1.35
2026-07-15 22:55:47,C003,10.72,85.29,0.84
2026-07-15 22:55:49,C001,8.88,75.2,1.93
2026-07-15 22:55:51,C005,8.03,85.19,1.49
2026-07-15 22:55:53,C003,5.21,92.44,1.64
2026-07-15 22:55:55,C001,7.2,94.85,0.43
2026-07-15 22:55:57,C003,11.76,92.22,1.12
2026-07-15 22:55:59,C002,3.39,61.31,0.66
2026-07-15 22:56:01,C005,2.3,89.39,0.94
2026-07-15 22:56:03,C004,10.23,83.08,2.0
2026-07-15 22:56:05,C004,10.54,90.65,1.09
2026-07-15 22:56:07,C001,4.46,73.3,1.97
2026-07-15 22:56:09,C004,8.9,90.44,0.71
2026-07-15 22:56:11,C003,11.04,94.31,0.73
2026-07-15 22:56:13,C005,7.18,64.8,0.98
2026-07-15 22:56:15,C001,3.8,70.36,1.55
2026-07-15 22:56:17,C002,9.72,86.7,1.68
2026-07-15 22:56:19,C004,5.97,63.79,0.11
2026-07-15 22:56:21,C001,5.92,72.36,1.47
2026-07-15 22:56:23,C001,6.32,87.85,0.93
2026-07-15 22:56:25,C002,7.37,65.31,1.86
2026-07-15 22:56:27,C003,5.54,72.07,0.29
2026-07-15 22:56:29,C005,6.48,88.35,1.8
2026-07-15 22:56:31,C001,6.11,81.58,0.93
2026-07-15 22:56:33,C001,6.77,78.47,0.49
2026-07-15 22:56:35,C004,10.71,92.2,1.67
2026-07-15 22:56:37,C002,8.81,79.25,1.62
2026-07-15 22:56:39,C004,4.56,84.64,1.0
2026-07-15 22:56:41,C003,3.66,78.59,0.1
2026-07-15 22:56:43,C004,10.67,89.63,1.31
2026-07-15 22:56:45,C003,10.61,62.25,0.59
2026-07-15 22:56:47,C003,6.39,90.6,1.44
2026-07-15 22:56:49,C004,8.8,75.51,0.92
2026-07-15 22:56:51,C005,3.73,75.86,1.99
2026-07-15 22:56:53,C004,6.27,86.28,1.95
2026-07-15 22:56:55,C004,7.75,89.43,1.21
2026-07-15 22:56:57,C002,4.34,67.36,1.19
2026-07-15 22:56:59,C005,5.38,65.73,0.54
2026-07-15 22:57:01,C004,7.42,92.09,1.34
2026-07-15 22:57:03,C001,10.46,66.39,1.57
2026-07-15 22:57:05,C002,5.67,83.36,1.92
2026-07-15 22:57:07,C001,6.95,92.64,1.76
2026-07-15 22:57:09,C005,8.42,66.52,0.16
2026-07-15 22:57:11,C005,5.69,83.27,0.28
2026-07-15 22:57:13,C004,11.71,85.78,1.94
2026-07-15 22:57:15,C005,7.46,75.59,0.53
2026-07-15 22:57:17,C003,8.28,83.65,1.93
2026-07-15 22:57:19,C004,2.24,63.45,0.56
2026-07-15 22:57:21,C004,7.71,67.03,1.28
2026-07-15 22:57:23,C004,3.17,69.58,0.84
2026-07-15 22:57:25,C002,4.71,65.77,1.69
2026-07-15 22:57:27,C002,6.99,83.09,0.42
2026-07-15 22:57:29,C001,8.27,86.05,1.3
2026-07-15 22:57:31,C002,9.58,62.51,0.25
2026-07-15 22:57:33,C004,11.83,60.77,1.9
2026-07-15 22:57:35,C005,4.32,80.66,0.23
